period,duoarea,area-name,product,product-name,process,process-name,series,series-description,value,units
2001-05,Y44MB,NA,EPLLPA,Propane,PE1,Future Contract 1,EER_EPLLPA_PE1_Y44MB_DPG,"Mont Belvieu, Tx Propane Future Contract 1 (Dollars per Gallon)",.516,$/GAL
2001-06,Y44MB,NA,EPLLPA,Propane,PE1,Future Contract 1,EER_EPLLPA_PE1_Y44MB_DPG,"Mont Belvieu, Tx Propane Future Contract 1 (Dollars per Gallon)",.437,$/GAL
2003-03,Y44MB,NA,EPLLPA,Propane,PE1,Future Contract 1,EER_EPLLPA_PE1_Y44MB_DPG,"Mont Belvieu, Tx Propane Future Contract 1 (Dollars per Gallon)",.568,$/GAL
2004-04,Y44MB,NA,EPLLPA,Propane,PE1,Future Contract 1,EER_EPLLPA_PE1_Y44MB_DPG,"Mont Belvieu, Tx Propane Future Contract 1 (Dollars per Gallon)",.607,$/GAL
2004-06,Y44MB,NA,EPLLPA,Propane,PE1,Future Contract 1,EER_EPLLPA_PE1_Y44MB_DPG,"Mont Belvieu, Tx Propane Future Contract 1 (Dollars per Gallon)",.671,$/GAL
2004-09,Y44MB,NA,EPLLPA,Propane,PE1,Future Contract 1,EER_EPLLPA_PE1_Y44MB_DPG,"Mont Belvieu, Tx Propane Future Contract 1 (Dollars per Gallon)",.801,$/GAL
2005-02,Y44MB,NA,EPLLPA,Propane,PE1,Future Contract 1,EER_EPLLPA_PE1_Y44MB_DPG,"Mont Belvieu, Tx Propane Future Contract 1 (Dollars per Gallon)",.751,$/GAL
2005-04,Y44MB,NA,EPLLPA,Propane,PE1,Future Contract 1,EER_EPLLPA_PE1_Y44MB_DPG,"Mont Belvieu, Tx Propane Future Contract 1 (Dollars per Gallon)",.857,$/GAL
2005-08,Y44MB,NA,EPLLPA,Propane,PE1,Future Contract 1,EER_EPLLPA_PE1_Y44MB_DPG,"Mont Belvieu, Tx Propane Future Contract 1 (Dollars per Gallon)",.945,$/GAL
2005-09,Y44MB,NA,EPLLPA,Propane,PE1,Future Contract 1,EER_EPLLPA_PE1_Y44MB_DPG,"Mont Belvieu, Tx Propane Future Contract 1 (Dollars per Gallon)",1.13,$/GAL
2005-12,Y44MB,NA,EPLLPA,Propane,PE1,Future Contract 1,EER_EPLLPA_PE1_Y44MB_DPG,"Mont Belvieu, Tx Propane Future Contract 1 (Dollars per Gallon)",1.066,$/GAL
2007-02,Y44MB,NA,EPLLPA,Propane,PE1,Future Contract 1,EER_EPLLPA_PE1_Y44MB_DPG,"Mont Belvieu, Tx Propane Future Contract 1 (Dollars per Gallon)",.96,$/GAL
2007-04,Y44MB,NA,EPLLPA,Propane,PE1,Future Contract 1,EER_EPLLPA_PE1_Y44MB_DPG,"Mont Belvieu, Tx Propane Future Contract 1 (Dollars per Gallon)",1.099,$/GAL
2008-02,Y44MB,NA,EPLLPA,Propane,PE1,Future Contract 1,EER_EPLLPA_PE1_Y44MB_DPG,"Mont Belvieu, Tx Propane Future Contract 1 (Dollars per Gallon)",1.423,$/GAL
2008-05,Y44MB,NA,EPLLPA,Propane,PE1,Future Contract 1,EER_EPLLPA_PE1_Y44MB_DPG,"Mont Belvieu, Tx Propane Future Contract 1 (Dollars per Gallon)",1.708,$/GAL
2008-12,Y44MB,NA,EPLLPA,Propane,PE1,Future Contract 1,EER_EPLLPA_PE1_Y44MB_DPG,"Mont Belvieu, Tx Propane Future Contract 1 (Dollars per Gallon)",.619,$/GAL
2009-01,Y44MB,NA,EPLLPA,Propane,PE1,Future Contract 1,EER_EPLLPA_PE1_Y44MB_DPG,"Mont Belvieu, Tx Propane Future Contract 1 (Dollars per Gallon)",.728,$/GAL
2009-02,Y44MB,NA,EPLLPA,Propane,PE1,Future Contract 1,EER_EPLLPA_PE1_Y44MB_DPG,"Mont Belvieu, Tx Propane Future Contract 1 (Dollars per Gallon)",.658,$/GAL
2009-09,Y44MB,NA,EPLLPA,Propane,PE1,Future Contract 1,EER_EPLLPA_PE1_Y44MB_DPG,"Mont Belvieu, Tx Propane Future Contract 1 (Dollars per Gallon)",.962,$/GAL
2001-01,Y44MB,NA,EPLLPA,Propane,PE2,Future Contract 2,EER_EPLLPA_PE2_Y44MB_DPG,"Mont Belvieu, Tx Propane Future Contract 2 (Dollars per Gallon)",.638,$/GAL
2001-09,Y44MB,NA,EPLLPA,Propane,PE2,Future Contract 2,EER_EPLLPA_PE2_Y44MB_DPG,"Mont Belvieu, Tx Propane Future Contract 2 (Dollars per Gallon)",.419,$/GAL
2001-10,Y44MB,NA,EPLLPA,Propane,PE2,Future Contract 2,EER_EPLLPA_PE2_Y44MB_DPG,"Mont Belvieu, Tx Propane Future Contract 2 (Dollars per Gallon)",.399,$/GAL
2001-11,Y44MB,NA,EPLLPA,Propane,PE2,Future Contract 2,EER_EPLLPA_PE2_Y44MB_DPG,"Mont Belvieu, Tx Propane Future Contract 2 (Dollars per Gallon)",.335,$/GAL
2002-06,Y44MB,NA,EPLLPA,Propane,PE2,Future Contract 2,EER_EPLLPA_PE2_Y44MB_DPG,"Mont Belvieu, Tx Propane Future Contract 2 (Dollars per Gallon)",.382,$/GAL
2004-02,Y44MB,NA,EPLLPA,Propane,PE2,Future Contract 2,EER_EPLLPA_PE2_Y44MB_DPG,"Mont Belvieu, Tx Propane Future Contract 2 (Dollars per Gallon)",.544,$/GAL
2004-04,Y44MB,NA,EPLLPA,Propane,PE2,Future Contract 2,EER_EPLLPA_PE2_Y44MB_DPG,"Mont Belvieu, Tx Propane Future Contract 2 (Dollars per Gallon)",.609,$/GAL
2004-05,Y44MB,NA,EPLLPA,Propane,PE2,Future Contract 2,EER_EPLLPA_PE2_Y44MB_DPG,"Mont Belvieu, Tx Propane Future Contract 2 (Dollars per Gallon)",.676,$/GAL
2005-02,Y44MB,NA,EPLLPA,Propane,PE2,Future Contract 2,EER_EPLLPA_PE2_Y44MB_DPG,"Mont Belvieu, Tx Propane Future Contract 2 (Dollars per Gallon)",.748,$/GAL
2005-07,Y44MB,NA,EPLLPA,Propane,PE2,Future Contract 2,EER_EPLLPA_PE2_Y44MB_DPG,"Mont Belvieu, Tx Propane Future Contract 2 (Dollars per Gallon)",.855,$/GAL
2007-04,Y44MB,NA,EPLLPA,Propane,PE2,Future Contract 2,EER_EPLLPA_PE2_Y44MB_DPG,"Mont Belvieu, Tx Propane Future Contract 2 (Dollars per Gallon)",1.1,$/GAL
2007-05,Y44MB,NA,EPLLPA,Propane,PE2,Future Contract 2,EER_EPLLPA_PE2_Y44MB_DPG,"Mont Belvieu, Tx Propane Future Contract 2 (Dollars per Gallon)",1.146,$/GAL
2007-11,Y44MB,NA,EPLLPA,Propane,PE2,Future Contract 2,EER_EPLLPA_PE2_Y44MB_DPG,"Mont Belvieu, Tx Propane Future Contract 2 (Dollars per Gallon)",1.573,$/GAL
2008-06,Y44MB,NA,EPLLPA,Propane,PE2,Future Contract 2,EER_EPLLPA_PE2_Y44MB_DPG,"Mont Belvieu, Tx Propane Future Contract 2 (Dollars per Gallon)",1.795,$/GAL
2008-10,Y44MB,NA,EPLLPA,Propane,PE2,Future Contract 2,EER_EPLLPA_PE2_Y44MB_DPG,"Mont Belvieu, Tx Propane Future Contract 2 (Dollars per Gallon)",1.059,$/GAL
2001-02,Y44MB,NA,EPLLPA,Propane,PE3,Future Contract 3,EER_EPLLPA_PE3_Y44MB_DPG,"Mont Belvieu, Tx Propane Future Contract 3 (Dollars per Gallon)",.54,$/GAL
2001-06,Y44MB,NA,EPLLPA,Propane,PE3,Future Contract 3,EER_EPLLPA_PE3_Y44MB_DPG,"Mont Belvieu, Tx Propane Future Contract 3 (Dollars per Gallon)",.448,$/GAL
2002-07,Y44MB,NA,EPLLPA,Propane,PE3,Future Contract 3,EER_EPLLPA_PE3_Y44MB_DPG,"Mont Belvieu, Tx Propane Future Contract 3 (Dollars per Gallon)",.385,$/GAL
2002-08,Y44MB,NA,EPLLPA,Propane,PE3,Future Contract 3,EER_EPLLPA_PE3_Y44MB_DPG,"Mont Belvieu, Tx Propane Future Contract 3 (Dollars per Gallon)",.426,$/GAL
2004-09,Y44MB,NA,EPLLPA,Propane,PE3,Future Contract 3,EER_EPLLPA_PE3_Y44MB_DPG,"Mont Belvieu, Tx Propane Future Contract 3 (Dollars per Gallon)",.804,$/GAL
2004-12,Y44MB,NA,EPLLPA,Propane,PE3,Future Contract 3,EER_EPLLPA_PE3_Y44MB_DPG,"Mont Belvieu, Tx Propane Future Contract 3 (Dollars per Gallon)",.724,$/GAL
2006-07,Y44MB,NA,EPLLPA,Propane,PE3,Future Contract 3,EER_EPLLPA_PE3_Y44MB_DPG,"Mont Belvieu, Tx Propane Future Contract 3 (Dollars per Gallon)",1.184,$/GAL
2006-08,Y44MB,NA,EPLLPA,Propane,PE3,Future Contract 3,EER_EPLLPA_PE3_Y44MB_DPG,"Mont Belvieu, Tx Propane Future Contract 3 (Dollars per Gallon)",1.161,$/GAL
2007-06,Y44MB,NA,EPLLPA,Propane,PE3,Future Contract 3,EER_EPLLPA_PE3_Y44MB_DPG,"Mont Belvieu, Tx Propane Future Contract 3 (Dollars per Gallon)",1.15,$/GAL
2008-04,Y44MB,NA,EPLLPA,Propane,PE3,Future Contract 3,EER_EPLLPA_PE3_Y44MB_DPG,"Mont Belvieu, Tx Propane Future Contract 3 (Dollars per Gallon)",1.577,$/GAL
2009-04,Y44MB,NA,EPLLPA,Propane,PE3,Future Contract 3,EER_EPLLPA_PE3_Y44MB_DPG,"Mont Belvieu, Tx Propane Future Contract 3 (Dollars per Gallon)",.653,$/GAL
2001-06,Y44MB,NA,EPLLPA,Propane,PE4,Future Contract 4,EER_EPLLPA_PE4_Y44MB_DPG,"Mont Belvieu, Tx Propane Future Contract 4 (Dollars per Gallon)",.454,$/GAL
2001-09,Y44MB,NA,EPLLPA,Propane,PE4,Future Contract 4,EER_EPLLPA_PE4_Y44MB_DPG,"Mont Belvieu, Tx Propane Future Contract 4 (Dollars per Gallon)",.428,$/GAL
2002-04,Y44MB,NA,EPLLPA,Propane,PE4,Future Contract 4,EER_EPLLPA_PE4_Y44MB_DPG,"Mont Belvieu, Tx Propane Future Contract 4 (Dollars per Gallon)",.422,$/GAL
2003-07,Y44MB,NA,EPLLPA,Propane,PE4,Future Contract 4,EER_EPLLPA_PE4_Y44MB_DPG,"Mont Belvieu, Tx Propane Future Contract 4 (Dollars per Gallon)",.539,$/GAL
2004-10,Y44MB,NA,EPLLPA,Propane,PE4,Future Contract 4,EER_EPLLPA_PE4_Y44MB_DPG,"Mont Belvieu, Tx Propane Future Contract 4 (Dollars per Gallon)",.872,$/GAL
2005-01,Y44MB,NA,EPLLPA,Propane,PE4,Future Contract 4,EER_EPLLPA_PE4_Y44MB_DPG,"Mont Belvieu, Tx Propane Future Contract 4 (Dollars per Gallon)",.706,$/GAL
2005-04,Y44MB,NA,EPLLPA,Propane,PE4,Future Contract 4,EER_EPLLPA_PE4_Y44MB_DPG,"Mont Belvieu, Tx Propane Future Contract 4 (Dollars per Gallon)",.857,$/GAL
2005-12,Y44MB,NA,EPLLPA,Propane,PE4,Future Contract 4,EER_EPLLPA_PE4_Y44MB_DPG,"Mont Belvieu, Tx Propane Future Contract 4 (Dollars per Gallon)",1.021,$/GAL
2006-02,Y44MB,NA,EPLLPA,Propane,PE4,Future Contract 4,EER_EPLLPA_PE4_Y44MB_DPG,"Mont Belvieu, Tx Propane Future Contract 4 (Dollars per Gallon)",.925,$/GAL
2006-04,Y44MB,NA,EPLLPA,Propane,PE4,Future Contract 4,EER_EPLLPA_PE4_Y44MB_DPG,"Mont Belvieu, Tx Propane Future Contract 4 (Dollars per Gallon)",1.015,$/GAL
2007-11,Y44MB,NA,EPLLPA,Propane,PE4,Future Contract 4,EER_EPLLPA_PE4_Y44MB_DPG,"Mont Belvieu, Tx Propane Future Contract 4 (Dollars per Gallon)",1.474,$/GAL
2008-07,Y44MB,NA,EPLLPA,Propane,PE4,Future Contract 4,EER_EPLLPA_PE4_Y44MB_DPG,"Mont Belvieu, Tx Propane Future Contract 4 (Dollars per Gallon)",1.88,$/GAL
2009-06,Y44MB,NA,EPLLPA,Propane,PE4,Future Contract 4,EER_EPLLPA_PE4_Y44MB_DPG,"Mont Belvieu, Tx Propane Future Contract 4 (Dollars per Gallon)",.88,$/GAL
2009-08,Y44MB,NA,EPLLPA,Propane,PE4,Future Contract 4,EER_EPLLPA_PE4_Y44MB_DPG,"Mont Belvieu, Tx Propane Future Contract 4 (Dollars per Gallon)",.943,$/GAL
2001-02,Y44MB,NA,EPLLPA,Propane,PE1,Future Contract 1,EER_EPLLPA_PE1_Y44MB_DPG,"Mont Belvieu, Tx Propane Future Contract 1 (Dollars per Gallon)",.564,$/GAL
2001-09,Y44MB,NA,EPLLPA,Propane,PE1,Future Contract 1,EER_EPLLPA_PE1_Y44MB_DPG,"Mont Belvieu, Tx Propane Future Contract 1 (Dollars per Gallon)",.415,$/GAL
2002-02,Y44MB,NA,EPLLPA,Propane,PE1,Future Contract 1,EER_EPLLPA_PE1_Y44MB_DPG,"Mont Belvieu, Tx Propane Future Contract 1 (Dollars per Gallon)",.312,$/GAL
2002-08,Y44MB,NA,EPLLPA,Propane,PE1,Future Contract 1,EER_EPLLPA_PE1_Y44MB_DPG,"Mont Belvieu, Tx Propane Future Contract 1 (Dollars per Gallon)",.418,$/GAL
2006-04,Y44MB,NA,EPLLPA,Propane,PE1,Future Contract 1,EER_EPLLPA_PE1_Y44MB_DPG,"Mont Belvieu, Tx Propane Future Contract 1 (Dollars per Gallon)",1.008,$/GAL
2006-06,Y44MB,NA,EPLLPA,Propane,PE1,Future Contract 1,EER_EPLLPA_PE1_Y44MB_DPG,"Mont Belvieu, Tx Propane Future Contract 1 (Dollars per Gallon)",1.097,$/GAL
2006-08,Y44MB,NA,EPLLPA,Propane,PE1,Future Contract 1,EER_EPLLPA_PE1_Y44MB_DPG,"Mont Belvieu, Tx Propane Future Contract 1 (Dollars per Gallon)",1.145,$/GAL
2006-10,Y44MB,NA,EPLLPA,Propane,PE1,Future Contract 1,EER_EPLLPA_PE1_Y44MB_DPG,"Mont Belvieu, Tx Propane Future Contract 1 (Dollars per Gallon)",.947,$/GAL
2007-08,Y44MB,NA,EPLLPA,Propane,PE1,Future Contract 1,EER_EPLLPA_PE1_Y44MB_DPG,"Mont Belvieu, Tx Propane Future Contract 1 (Dollars per Gallon)",1.19,$/GAL
2008-03,Y44MB,NA,EPLLPA,Propane,PE1,Future Contract 1,EER_EPLLPA_PE1_Y44MB_DPG,"Mont Belvieu, Tx Propane Future Contract 1 (Dollars per Gallon)",1.465,$/GAL
2008-06,Y44MB,NA,EPLLPA,Propane,PE1,Future Contract 1,EER_EPLLPA_PE1_Y44MB_DPG,"Mont Belvieu, Tx Propane Future Contract 1 (Dollars per Gallon)",1.791,$/GAL
2008-07,Y44MB,NA,EPLLPA,Propane,PE1,Future Contract 1,EER_EPLLPA_PE1_Y44MB_DPG,"Mont Belvieu, Tx Propane Future Contract 1 (Dollars per Gallon)",1.868,$/GAL
2009-05,Y44MB,NA,EPLLPA,Propane,PE1,Future Contract 1,EER_EPLLPA_PE1_Y44MB_DPG,"Mont Belvieu, Tx Propane Future Contract 1 (Dollars per Gallon)",.71,$/GAL
2009-07,Y44MB,NA,EPLLPA,Propane,PE1,Future Contract 1,EER_EPLLPA_PE1_Y44MB_DPG,"Mont Belvieu, Tx Propane Future Contract 1 (Dollars per Gallon)",.757,$/GAL
2009-08,Y44MB,NA,EPLLPA,Propane,PE1,Future Contract 1,EER_EPLLPA_PE1_Y44MB_DPG,"Mont Belvieu, Tx Propane Future Contract 1 (Dollars per Gallon)",.915,$/GAL
2001-07,Y44MB,NA,EPLLPA,Propane,PE2,Future Contract 2,EER_EPLLPA_PE2_Y44MB_DPG,"Mont Belvieu, Tx Propane Future Contract 2 (Dollars per Gallon)",.4,$/GAL
2004-03,Y44MB,NA,EPLLPA,Propane,PE2,Future Contract 2,EER_EPLLPA_PE2_Y44MB_DPG,"Mont Belvieu, Tx Propane Future Contract 2 (Dollars per Gallon)",.578,$/GAL
2004-10,Y44MB,NA,EPLLPA,Propane,PE2,Future Contract 2,EER_EPLLPA_PE2_Y44MB_DPG,"Mont Belvieu, Tx Propane Future Contract 2 (Dollars per Gallon)",.907,$/GAL
2006-02,Y44MB,NA,EPLLPA,Propane,PE2,Future Contract 2,EER_EPLLPA_PE2_Y44MB_DPG,"Mont Belvieu, Tx Propane Future Contract 2 (Dollars per Gallon)",.92,$/GAL
2006-04,Y44MB,NA,EPLLPA,Propane,PE2,Future Contract 2,EER_EPLLPA_PE2_Y44MB_DPG,"Mont Belvieu, Tx Propane Future Contract 2 (Dollars per Gallon)",1.011,$/GAL
2007-07,Y44MB,NA,EPLLPA,Propane,PE2,Future Contract 2,EER_EPLLPA_PE2_Y44MB_DPG,"Mont Belvieu, Tx Propane Future Contract 2 (Dollars per Gallon)",1.198,$/GAL
2007-09,Y44MB,NA,EPLLPA,Propane,PE2,Future Contract 2,EER_EPLLPA_PE2_Y44MB_DPG,"Mont Belvieu, Tx Propane Future Contract 2 (Dollars per Gallon)",1.299,$/GAL
2008-03,Y44MB,NA,EPLLPA,Propane,PE2,Future Contract 2,EER_EPLLPA_PE2_Y44MB_DPG,"Mont Belvieu, Tx Propane Future Contract 2 (Dollars per Gallon)",1.464,$/GAL
2008-08,Y44MB,NA,EPLLPA,Propane,PE2,Future Contract 2,EER_EPLLPA_PE2_Y44MB_DPG,"Mont Belvieu, Tx Propane Future Contract 2 (Dollars per Gallon)",1.676,$/GAL
2008-11,Y44MB,NA,EPLLPA,Propane,PE2,Future Contract 2,EER_EPLLPA_PE2_Y44MB_DPG,"Mont Belvieu, Tx Propane Future Contract 2 (Dollars per Gallon)",.762,$/GAL
2009-07,Y44MB,NA,EPLLPA,Propane,PE2,Future Contract 2,EER_EPLLPA_PE2_Y44MB_DPG,"Mont Belvieu, Tx Propane Future Contract 2 (Dollars per Gallon)",.767,$/GAL
2009-08,Y44MB,NA,EPLLPA,Propane,PE2,Future Contract 2,EER_EPLLPA_PE2_Y44MB_DPG,"Mont Belvieu, Tx Propane Future Contract 2 (Dollars per Gallon)",.924,$/GAL
2003-02,Y44MB,NA,EPLLPA,Propane,PE3,Future Contract 3,EER_EPLLPA_PE3_Y44MB_DPG,"Mont Belvieu, Tx Propane Future Contract 3 (Dollars per Gallon)",.562,$/GAL
2003-04,Y44MB,NA,EPLLPA,Propane,PE3,Future Contract 3,EER_EPLLPA_PE3_Y44MB_DPG,"Mont Belvieu, Tx Propane Future Contract 3 (Dollars per Gallon)",.499,$/GAL
2003-07,Y44MB,NA,EPLLPA,Propane,PE3,Future Contract 3,EER_EPLLPA_PE3_Y44MB_DPG,"Mont Belvieu, Tx Propane Future Contract 3 (Dollars per Gallon)",.537,$/GAL
2004-06,Y44MB,NA,EPLLPA,Propane,PE3,Future Contract 3,EER_EPLLPA_PE3_Y44MB_DPG,"Mont Belvieu, Tx Propane Future Contract 3 (Dollars per Gallon)",.675,$/GAL
2005-12,Y44MB,NA,EPLLPA,Propane,PE3,Future Contract 3,EER_EPLLPA_PE3_Y44MB_DPG,"Mont Belvieu, Tx Propane Future Contract 3 (Dollars per Gallon)",1.038,$/GAL
2006-04,Y44MB,NA,EPLLPA,Propane,PE3,Future Contract 3,EER_EPLLPA_PE3_Y44MB_DPG,"Mont Belvieu, Tx Propane Future Contract 3 (Dollars per Gallon)",1.013,$/GAL
2007-07,Y44MB,NA,EPLLPA,Propane,PE3,Future Contract 3,EER_EPLLPA_PE3_Y44MB_DPG,"Mont Belvieu, Tx Propane Future Contract 3 (Dollars per Gallon)",1.204,$/GAL
2008-03,Y44MB,NA,EPLLPA,Propane,PE3,Future Contract 3,EER_EPLLPA_PE3_Y44MB_DPG,"Mont Belvieu, Tx Propane Future Contract 3 (Dollars per Gallon)",1.469,$/GAL
2008-09,Y44MB,NA,EPLLPA,Propane,PE3,Future Contract 3,EER_EPLLPA_PE3_Y44MB_DPG,"Mont Belvieu, Tx Propane Future Contract 3 (Dollars per Gallon)",1.564,$/GAL
2009-01,Y44MB,NA,EPLLPA,Propane,PE3,Future Contract 3,EER_EPLLPA_PE3_Y44MB_DPG,"Mont Belvieu, Tx Propane Future Contract 3 (Dollars per Gallon)",.707,$/GAL
2009-06,Y44MB,NA,EPLLPA,Propane,PE3,Future Contract 3,EER_EPLLPA_PE3_Y44MB_DPG,"Mont Belvieu, Tx Propane Future Contract 3 (Dollars per Gallon)",.87,$/GAL
2009-07,Y44MB,NA,EPLLPA,Propane,PE3,Future Contract 3,EER_EPLLPA_PE3_Y44MB_DPG,"Mont Belvieu, Tx Propane Future Contract 3 (Dollars per Gallon)",.776,$/GAL
2009-09,Y44MB,NA,EPLLPA,Propane,PE3,Future Contract 3,EER_EPLLPA_PE3_Y44MB_DPG,"Mont Belvieu, Tx Propane Future Contract 3 (Dollars per Gallon)",.972,$/GAL
2001-01,Y44MB,NA,EPLLPA,Propane,PE4,Future Contract 4,EER_EPLLPA_PE4_Y44MB_DPG,"Mont Belvieu, Tx Propane Future Contract 4 (Dollars per Gallon)",.552,$/GAL
2002-02,Y44MB,NA,EPLLPA,Propane,PE4,Future Contract 4,EER_EPLLPA_PE4_Y44MB_DPG,"Mont Belvieu, Tx Propane Future Contract 4 (Dollars per Gallon)",.317,$/GAL
2002-05,Y44MB,NA,EPLLPA,Propane,PE4,Future Contract 4,EER_EPLLPA_PE4_Y44MB_DPG,"Mont Belvieu, Tx Propane Future Contract 4 (Dollars per Gallon)",.417,$/GAL
2002-06,Y44MB,NA,EPLLPA,Propane,PE4,Future Contract 4,EER_EPLLPA_PE4_Y44MB_DPG,"Mont Belvieu, Tx Propane Future Contract 4 (Dollars per Gallon)",.391,$/GAL
2002-08,Y44MB,NA,EPLLPA,Propane,PE4,Future Contract 4,EER_EPLLPA_PE4_Y44MB_DPG,"Mont Belvieu, Tx Propane Future Contract 4 (Dollars per Gallon)",.43,$/GAL
2002-09,Y44MB,NA,EPLLPA,Propane,PE4,Future Contract 4,EER_EPLLPA_PE4_Y44MB_DPG,"Mont Belvieu, Tx Propane Future Contract 4 (Dollars per Gallon)",.48,$/GAL
2003-05,Y44MB,NA,EPLLPA,Propane,PE4,Future Contract 4,EER_EPLLPA_PE4_Y44MB_DPG,"Mont Belvieu, Tx Propane Future Contract 4 (Dollars per Gallon)",.544,$/GAL
2004-02,Y44MB,NA,EPLLPA,Propane,PE4,Future Contract 4,EER_EPLLPA_PE4_Y44MB_DPG,"Mont Belvieu, Tx Propane Future Contract 4 (Dollars per Gallon)",.541,$/GAL
2004-12,Y44MB,NA,EPLLPA,Propane,PE4,Future Contract 4,EER_EPLLPA_PE4_Y44MB_DPG,"Mont Belvieu, Tx Propane Future Contract 4 (Dollars per Gallon)",.695,$/GAL
2005-02,Y44MB,NA,EPLLPA,Propane,PE4,Future Contract 4,EER_EPLLPA_PE4_Y44MB_DPG,"Mont Belvieu, Tx Propane Future Contract 4 (Dollars per Gallon)",.748,$/GAL
2005-07,Y44MB,NA,EPLLPA,Propane,PE4,Future Contract 4,EER_EPLLPA_PE4_Y44MB_DPG,"Mont Belvieu, Tx Propane Future Contract 4 (Dollars per Gallon)",.869,$/GAL
2006-06,Y44MB,NA,EPLLPA,Propane,PE4,Future Contract 4,EER_EPLLPA_PE4_Y44MB_DPG,"Mont Belvieu, Tx Propane Future Contract 4 (Dollars per Gallon)",1.115,$/GAL
2007-02,Y44MB,NA,EPLLPA,Propane,PE4,Future Contract 4,EER_EPLLPA_PE4_Y44MB_DPG,"Mont Belvieu, Tx Propane Future Contract 4 (Dollars per Gallon)",.948,$/GAL
2007-10,Y44MB,NA,EPLLPA,Propane,PE4,Future Contract 4,EER_EPLLPA_PE4_Y44MB_DPG,"Mont Belvieu, Tx Propane Future Contract 4 (Dollars per Gallon)",1.402,$/GAL
2008-03,Y44MB,NA,EPLLPA,Propane,PE4,Future Contract 4,EER_EPLLPA_PE4_Y44MB_DPG,"Mont Belvieu, Tx Propane Future Contract 4 (Dollars per Gallon)",1.475,$/GAL
2008-04,Y44MB,NA,EPLLPA,Propane,PE4,Future Contract 4,EER_EPLLPA_PE4_Y44MB_DPG,"Mont Belvieu, Tx Propane Future Contract 4 (Dollars per Gallon)",1.582,$/GAL
2008-06,Y44MB,NA,EPLLPA,Propane,PE4,Future Contract 4,EER_EPLLPA_PE4_Y44MB_DPG,"Mont Belvieu, Tx Propane Future Contract 4 (Dollars per Gallon)",1.81,$/GAL
2008-09,Y44MB,NA,EPLLPA,Propane,PE4,Future Contract 4,EER_EPLLPA_PE4_Y44MB_DPG,"Mont Belvieu, Tx Propane Future Contract 4 (Dollars per Gallon)",1.565,$/GAL
2001-10,Y44MB,NA,EPLLPA,Propane,PE1,Future Contract 1,EER_EPLLPA_PE1_Y44MB_DPG,"Mont Belvieu, Tx Propane Future Contract 1 (Dollars per Gallon)",.396,$/GAL
2002-05,Y44MB,NA,EPLLPA,Propane,PE1,Future Contract 1,EER_EPLLPA_PE1_Y44MB_DPG,"Mont Belvieu, Tx Propane Future Contract 1 (Dollars per Gallon)",.407,$/GAL
2002-06,Y44MB,NA,EPLLPA,Propane,PE1,Future Contract 1,EER_EPLLPA_PE1_Y44MB_DPG,"Mont Belvieu, Tx Propane Future Contract 1 (Dollars per Gallon)",.378,$/GAL
2002-10,Y44MB,NA,EPLLPA,Propane,PE1,Future Contract 1,EER_EPLLPA_PE1_Y44MB_DPG,"Mont Belvieu, Tx Propane Future Contract 1 (Dollars per Gallon)",.48,$/GAL
2003-07,Y44MB,NA,EPLLPA,Propane,PE1,Future Contract 1,EER_EPLLPA_PE1_Y44MB_DPG,"Mont Belvieu, Tx Propane Future Contract 1 (Dollars per Gallon)",.532,$/GAL
2004-08,Y44MB,NA,EPLLPA,Propane,PE1,Future Contract 1,EER_EPLLPA_PE1_Y44MB_DPG,"Mont Belvieu, Tx Propane Future Contract 1 (Dollars per Gallon)",.837,$/GAL
2004-10,Y44MB,NA,EPLLPA,Propane,PE1,Future Contract 1,EER_EPLLPA_PE1_Y44MB_DPG,"Mont Belvieu, Tx Propane Future Contract 1 (Dollars per Gallon)",.905,$/GAL
2005-05,Y44MB,NA,EPLLPA,Propane,PE1,Future Contract 1,EER_EPLLPA_PE1_Y44MB_DPG,"Mont Belvieu, Tx Propane Future Contract 1 (Dollars per Gallon)",.798,$/GAL
2005-11,Y44MB,NA,EPLLPA,Propane,PE1,Future Contract 1,EER_EPLLPA_PE1_Y44MB_DPG,"Mont Belvieu, Tx Propane Future Contract 1 (Dollars per Gallon)",1.006,$/GAL
2006-12,Y44MB,NA,EPLLPA,Propane,PE1,Future Contract 1,EER_EPLLPA_PE1_Y44MB_DPG,"Mont Belvieu, Tx Propane Future Contract 1 (Dollars per Gallon)",.972,$/GAL
2007-06,Y44MB,NA,EPLLPA,Propane,PE1,Future Contract 1,EER_EPLLPA_PE1_Y44MB_DPG,"Mont Belvieu, Tx Propane Future Contract 1 (Dollars per Gallon)",1.143,$/GAL
2007-11,Y44MB,NA,EPLLPA,Propane,PE1,Future Contract 1,EER_EPLLPA_PE1_Y44MB_DPG,"Mont Belvieu, Tx Propane Future Contract 1 (Dollars per Gallon)",1.566,$/GAL
2008-10,Y44MB,NA,EPLLPA,Propane,PE1,Future Contract 1,EER_EPLLPA_PE1_Y44MB_DPG,"Mont Belvieu, Tx Propane Future Contract 1 (Dollars per Gallon)",1.05,$/GAL
2008-11,Y44MB,NA,EPLLPA,Propane,PE1,Future Contract 1,EER_EPLLPA_PE1_Y44MB_DPG,"Mont Belvieu, Tx Propane Future Contract 1 (Dollars per Gallon)",.749,$/GAL
2001-03,Y44MB,NA,EPLLPA,Propane,PE2,Future Contract 2,EER_EPLLPA_PE2_Y44MB_DPG,"Mont Belvieu, Tx Propane Future Contract 2 (Dollars per Gallon)",.528,$/GAL
2003-02,Y44MB,NA,EPLLPA,Propane,PE2,Future Contract 2,EER_EPLLPA_PE2_Y44MB_DPG,"Mont Belvieu, Tx Propane Future Contract 2 (Dollars per Gallon)",.576,$/GAL
2003-04,Y44MB,NA,EPLLPA,Propane,PE2,Future Contract 2,EER_EPLLPA_PE2_Y44MB_DPG,"Mont Belvieu, Tx Propane Future Contract 2 (Dollars per Gallon)",.496,$/GAL
2003-10,Y44MB,NA,EPLLPA,Propane,PE2,Future Contract 2,EER_EPLLPA_PE2_Y44MB_DPG,"Mont Belvieu, Tx Propane Future Contract 2 (Dollars per Gallon)",.557,$/GAL
2003-12,Y44MB,NA,EPLLPA,Propane,PE2,Future Contract 2,EER_EPLLPA_PE2_Y44MB_DPG,"Mont Belvieu, Tx Propane Future Contract 2 (Dollars per Gallon)",.607,$/GAL
2004-12,Y44MB,NA,EPLLPA,Propane,PE2,Future Contract 2,EER_EPLLPA_PE2_Y44MB_DPG,"Mont Belvieu, Tx Propane Future Contract 2 (Dollars per Gallon)",.758,$/GAL
2006-05,Y44MB,NA,EPLLPA,Propane,PE2,Future Contract 2,EER_EPLLPA_PE2_Y44MB_DPG,"Mont Belvieu, Tx Propane Future Contract 2 (Dollars per Gallon)",1.039,$/GAL
2006-12,Y44MB,NA,EPLLPA,Propane,PE2,Future Contract 2,EER_EPLLPA_PE2_Y44MB_DPG,"Mont Belvieu, Tx Propane Future Contract 2 (Dollars per Gallon)",.967,$/GAL
2007-12,Y44MB,NA,EPLLPA,Propane,PE2,Future Contract 2,EER_EPLLPA_PE2_Y44MB_DPG,"Mont Belvieu, Tx Propane Future Contract 2 (Dollars per Gallon)",1.516,$/GAL
2008-07,Y44MB,NA,EPLLPA,Propane,PE2,Future Contract 2,EER_EPLLPA_PE2_Y44MB_DPG,"Mont Belvieu, Tx Propane Future Contract 2 (Dollars per Gallon)",1.873,$/GAL
2009-09,Y44MB,NA,EPLLPA,Propane,PE2,Future Contract 2,EER_EPLLPA_PE2_Y44MB_DPG,"Mont Belvieu, Tx Propane Future Contract 2 (Dollars per Gallon)",.967,$/GAL
2001-09,Y44MB,NA,EPLLPA,Propane,PE3,Future Contract 3,EER_EPLLPA_PE3_Y44MB_DPG,"Mont Belvieu, Tx Propane Future Contract 3 (Dollars per Gallon)",.423,$/GAL
2002-02,Y44MB,NA,EPLLPA,Propane,PE3,Future Contract 3,EER_EPLLPA_PE3_Y44MB_DPG,"Mont Belvieu, Tx Propane Future Contract 3 (Dollars per Gallon)",.314,$/GAL
2002-10,Y44MB,NA,EPLLPA,Propane,PE3,Future Contract 3,EER_EPLLPA_PE3_Y44MB_DPG,"Mont Belvieu, Tx Propane Future Contract 3 (Dollars per Gallon)",.485,$/GAL
2002-12,Y44MB,NA,EPLLPA,Propane,PE3,Future Contract 3,EER_EPLLPA_PE3_Y44MB_DPG,"Mont Belvieu, Tx Propane Future Contract 3 (Dollars per Gallon)",.483,$/GAL
2003-05,Y44MB,NA,EPLLPA,Propane,PE3,Future Contract 3,EER_EPLLPA_PE3_Y44MB_DPG,"Mont Belvieu, Tx Propane Future Contract 3 (Dollars per Gallon)",.543,$/GAL
2004-04,Y44MB,NA,EPLLPA,Propane,PE3,Future Contract 3,EER_EPLLPA_PE3_Y44MB_DPG,"Mont Belvieu, Tx Propane Future Contract 3 (Dollars per Gallon)",.611,$/GAL
2005-05,Y44MB,NA,EPLLPA,Propane,PE3,Future Contract 3,EER_EPLLPA_PE3_Y44MB_DPG,"Mont Belvieu, Tx Propane Future Contract 3 (Dollars per Gallon)",.803,$/GAL
2006-10,Y44MB,NA,EPLLPA,Propane,PE3,Future Contract 3,EER_EPLLPA_PE3_Y44MB_DPG,"Mont Belvieu, Tx Propane Future Contract 3 (Dollars per Gallon)",.972,$/GAL
2008-05,Y44MB,NA,EPLLPA,Propane,PE3,Future Contract 3,EER_EPLLPA_PE3_Y44MB_DPG,"Mont Belvieu, Tx Propane Future Contract 3 (Dollars per Gallon)",1.72,$/GAL
2008-08,Y44MB,NA,EPLLPA,Propane,PE3,Future Contract 3,EER_EPLLPA_PE3_Y44MB_DPG,"Mont Belvieu, Tx Propane Future Contract 3 (Dollars per Gallon)",1.677,$/GAL
2009-02,Y44MB,NA,EPLLPA,Propane,PE3,Future Contract 3,EER_EPLLPA_PE3_Y44MB_DPG,"Mont Belvieu, Tx Propane Future Contract 3 (Dollars per Gallon)",.66,$/GAL
2001-04,Y44MB,NA,EPLLPA,Propane,PE4,Future Contract 4,EER_EPLLPA_PE4_Y44MB_DPG,"Mont Belvieu, Tx Propane Future Contract 4 (Dollars per Gallon)",.554,$/GAL
2001-07,Y44MB,NA,EPLLPA,Propane,PE4,Future Contract 4,EER_EPLLPA_PE4_Y44MB_DPG,"Mont Belvieu, Tx Propane Future Contract 4 (Dollars per Gallon)",.419,$/GAL
2002-11,Y44MB,NA,EPLLPA,Propane,PE4,Future Contract 4,EER_EPLLPA_PE4_Y44MB_DPG,"Mont Belvieu, Tx Propane Future Contract 4 (Dollars per Gallon)",.44,$/GAL
2003-04,Y44MB,NA,EPLLPA,Propane,PE4,Future Contract 4,EER_EPLLPA_PE4_Y44MB_DPG,"Mont Belvieu, Tx Propane Future Contract 4 (Dollars per Gallon)",.5,$/GAL
2003-09,Y44MB,NA,EPLLPA,Propane,PE4,Future Contract 4,EER_EPLLPA_PE4_Y44MB_DPG,"Mont Belvieu, Tx Propane Future Contract 4 (Dollars per Gallon)",.532,$/GAL
2003-10,Y44MB,NA,EPLLPA,Propane,PE4,Future Contract 4,EER_EPLLPA_PE4_Y44MB_DPG,"Mont Belvieu, Tx Propane Future Contract 4 (Dollars per Gallon)",.544,$/GAL
2003-11,Y44MB,NA,EPLLPA,Propane,PE4,Future Contract 4,EER_EPLLPA_PE4_Y44MB_DPG,"Mont Belvieu, Tx Propane Future Contract 4 (Dollars per Gallon)",.513,$/GAL
2003-12,Y44MB,NA,EPLLPA,Propane,PE4,Future Contract 4,EER_EPLLPA_PE4_Y44MB_DPG,"Mont Belvieu, Tx Propane Future Contract 4 (Dollars per Gallon)",.538,$/GAL
2004-05,Y44MB,NA,EPLLPA,Propane,PE4,Future Contract 4,EER_EPLLPA_PE4_Y44MB_DPG,"Mont Belvieu, Tx Propane Future Contract 4 (Dollars per Gallon)",.68,$/GAL
2004-07,Y44MB,NA,EPLLPA,Propane,PE4,Future Contract 4,EER_EPLLPA_PE4_Y44MB_DPG,"Mont Belvieu, Tx Propane Future Contract 4 (Dollars per Gallon)",.749,$/GAL
2006-10,Y44MB,NA,EPLLPA,Propane,PE4,Future Contract 4,EER_EPLLPA_PE4_Y44MB_DPG,"Mont Belvieu, Tx Propane Future Contract 4 (Dollars per Gallon)",.971,$/GAL
2008-05,Y44MB,NA,EPLLPA,Propane,PE4,Future Contract 4,EER_EPLLPA_PE4_Y44MB_DPG,"Mont Belvieu, Tx Propane Future Contract 4 (Dollars per Gallon)",1.726,$/GAL
2009-09,Y44MB,NA,EPLLPA,Propane,PE4,Future Contract 4,EER_EPLLPA_PE4_Y44MB_DPG,"Mont Belvieu, Tx Propane Future Contract 4 (Dollars per Gallon)",.982,$/GAL
2001-03,Y44MB,NA,EPLLPA,Propane,PE1,Future Contract 1,EER_EPLLPA_PE1_Y44MB_DPG,"Mont Belvieu, Tx Propane Future Contract 1 (Dollars per Gallon)",.528,$/GAL
2002-01,Y44MB,NA,EPLLPA,Propane,PE1,Future Contract 1,EER_EPLLPA_PE1_Y44MB_DPG,"Mont Belvieu, Tx Propane Future Contract 1 (Dollars per Gallon)",.292,$/GAL
2002-03,Y44MB,NA,EPLLPA,Propane,PE1,Future Contract 1,EER_EPLLPA_PE1_Y44MB_DPG,"Mont Belvieu, Tx Propane Future Contract 1 (Dollars per Gallon)",.379,$/GAL
2002-07,Y44MB,NA,EPLLPA,Propane,PE1,Future Contract 1,EER_EPLLPA_PE1_Y44MB_DPG,"Mont Belvieu, Tx Propane Future Contract 1 (Dollars per Gallon)",.376,$/GAL
2002-11,Y44MB,NA,EPLLPA,Propane,PE1,Future Contract 1,EER_EPLLPA_PE1_Y44MB_DPG,"Mont Belvieu, Tx Propane Future Contract 1 (Dollars per Gallon)",.474,$/GAL
2003-06,Y44MB,NA,EPLLPA,Propane,PE1,Future Contract 1,EER_EPLLPA_PE1_Y44MB_DPG,"Mont Belvieu, Tx Propane Future Contract 1 (Dollars per Gallon)",.56,$/GAL
2003-10,Y44MB,NA,EPLLPA,Propane,PE1,Future Contract 1,EER_EPLLPA_PE1_Y44MB_DPG,"Mont Belvieu, Tx Propane Future Contract 1 (Dollars per Gallon)",.555,$/GAL
2003-11,Y44MB,NA,EPLLPA,Propane,PE1,Future Contract 1,EER_EPLLPA_PE1_Y44MB_DPG,"Mont Belvieu, Tx Propane Future Contract 1 (Dollars per Gallon)",.547,$/GAL
2004-07,Y44MB,NA,EPLLPA,Propane,PE1,Future Contract 1,EER_EPLLPA_PE1_Y44MB_DPG,"Mont Belvieu, Tx Propane Future Contract 1 (Dollars per Gallon)",.743,$/GAL
2004-11,Y44MB,NA,EPLLPA,Propane,PE1,Future Contract 1,EER_EPLLPA_PE1_Y44MB_DPG,"Mont Belvieu, Tx Propane Future Contract 1 (Dollars per Gallon)",.862,$/GAL
2005-10,Y44MB,NA,EPLLPA,Propane,PE1,Future Contract 1,EER_EPLLPA_PE1_Y44MB_DPG,"Mont Belvieu, Tx Propane Future Contract 1 (Dollars per Gallon)",1.139,$/GAL
2006-01,Y44MB,NA,EPLLPA,Propane,PE1,Future Contract 1,EER_EPLLPA_PE1_Y44MB_DPG,"Mont Belvieu, Tx Propane Future Contract 1 (Dollars per Gallon)",.99,$/GAL
2006-05,Y44MB,NA,EPLLPA,Propane,PE1,Future Contract 1,EER_EPLLPA_PE1_Y44MB_DPG,"Mont Belvieu, Tx Propane Future Contract 1 (Dollars per Gallon)",1.035,$/GAL
2006-09,Y44MB,NA,EPLLPA,Propane,PE1,Future Contract 1,EER_EPLLPA_PE1_Y44MB_DPG,"Mont Belvieu, Tx Propane Future Contract 1 (Dollars per Gallon)",1.026,$/GAL
2007-01,Y44MB,NA,EPLLPA,Propane,PE1,Future Contract 1,EER_EPLLPA_PE1_Y44MB_DPG,"Mont Belvieu, Tx Propane Future Contract 1 (Dollars per Gallon)",.889,$/GAL
2007-03,Y44MB,NA,EPLLPA,Propane,PE1,Future Contract 1,EER_EPLLPA_PE1_Y44MB_DPG,"Mont Belvieu, Tx Propane Future Contract 1 (Dollars per Gallon)",1.018,$/GAL
2008-09,Y44MB,NA,EPLLPA,Propane,PE1,Future Contract 1,EER_EPLLPA_PE1_Y44MB_DPG,"Mont Belvieu, Tx Propane Future Contract 1 (Dollars per Gallon)",1.549,$/GAL
2001-04,Y44MB,NA,EPLLPA,Propane,PE2,Future Contract 2,EER_EPLLPA_PE2_Y44MB_DPG,"Mont Belvieu, Tx Propane Future Contract 2 (Dollars per Gallon)",.548,$/GAL
2002-02,Y44MB,NA,EPLLPA,Propane,PE2,Future Contract 2,EER_EPLLPA_PE2_Y44MB_DPG,"Mont Belvieu, Tx Propane Future Contract 2 (Dollars per Gallon)",.314,$/GAL
2002-04,Y44MB,NA,EPLLPA,Propane,PE2,Future Contract 2,EER_EPLLPA_PE2_Y44MB_DPG,"Mont Belvieu, Tx Propane Future Contract 2 (Dollars per Gallon)",.415,$/GAL
2003-06,Y44MB,NA,EPLLPA,Propane,PE2,Future Contract 2,EER_EPLLPA_PE2_Y44MB_DPG,"Mont Belvieu, Tx Propane Future Contract 2 (Dollars per Gallon)",.561,$/GAL
2003-07,Y44MB,NA,EPLLPA,Propane,PE2,Future Contract 2,EER_EPLLPA_PE2_Y44MB_DPG,"Mont Belvieu, Tx Propane Future Contract 2 (Dollars per Gallon)",.534,$/GAL
2003-08,Y44MB,NA,EPLLPA,Propane,PE2,Future Contract 2,EER_EPLLPA_PE2_Y44MB_DPG,"Mont Belvieu, Tx Propane Future Contract 2 (Dollars per Gallon)",.555,$/GAL
2004-11,Y44MB,NA,EPLLPA,Propane,PE2,Future Contract 2,EER_EPLLPA_PE2_Y44MB_DPG,"Mont Belvieu, Tx Propane Future Contract 2 (Dollars per Gallon)",.864,$/GAL
2006-03,Y44MB,NA,EPLLPA,Propane,PE2,Future Contract 2,EER_EPLLPA_PE2_Y44MB_DPG,"Mont Belvieu, Tx Propane Future Contract 2 (Dollars per Gallon)",.925,$/GAL
2006-06,Y44MB,NA,EPLLPA,Propane,PE2,Future Contract 2,EER_EPLLPA_PE2_Y44MB_DPG,"Mont Belvieu, Tx Propane Future Contract 2 (Dollars per Gallon)",1.102,$/GAL
2007-03,Y44MB,NA,EPLLPA,Propane,PE2,Future Contract 2,EER_EPLLPA_PE2_Y44MB_DPG,"Mont Belvieu, Tx Propane Future Contract 2 (Dollars per Gallon)",1.017,$/GAL
2001-01,Y44MB,NA,EPLLPA,Propane,PE3,Future Contract 3,EER_EPLLPA_PE3_Y44MB_DPG,"Mont Belvieu, Tx Propane Future Contract 3 (Dollars per Gallon)",.559,$/GAL
2001-07,Y44MB,NA,EPLLPA,Propane,PE3,Future Contract 3,EER_EPLLPA_PE3_Y44MB_DPG,"Mont Belvieu, Tx Propane Future Contract 3 (Dollars per Gallon)",.41,$/GAL
2001-10,Y44MB,NA,EPLLPA,Propane,PE3,Future Contract 3,EER_EPLLPA_PE3_Y44MB_DPG,"Mont Belvieu, Tx Propane Future Contract 3 (Dollars per Gallon)",.402,$/GAL
2002-03,Y44MB,NA,EPLLPA,Propane,PE3,Future Contract 3,EER_EPLLPA_PE3_Y44MB_DPG,"Mont Belvieu, Tx Propane Future Contract 3 (Dollars per Gallon)",.381,$/GAL
2002-09,Y44MB,NA,EPLLPA,Propane,PE3,Future Contract 3,EER_EPLLPA_PE3_Y44MB_DPG,"Mont Belvieu, Tx Propane Future Contract 3 (Dollars per Gallon)",.477,$/GAL
2005-08,Y44MB,NA,EPLLPA,Propane,PE3,Future Contract 3,EER_EPLLPA_PE3_Y44MB_DPG,"Mont Belvieu, Tx Propane Future Contract 3 (Dollars per Gallon)",.956,$/GAL
2005-11,Y44MB,NA,EPLLPA,Propane,PE3,Future Contract 3,EER_EPLLPA_PE3_Y44MB_DPG,"Mont Belvieu, Tx Propane Future Contract 3 (Dollars per Gallon)",1.009,$/GAL
2006-03,Y44MB,NA,EPLLPA,Propane,PE3,Future Contract 3,EER_EPLLPA_PE3_Y44MB_DPG,"Mont Belvieu, Tx Propane Future Contract 3 (Dollars per Gallon)",.928,$/GAL
2006-12,Y44MB,NA,EPLLPA,Propane,PE3,Future Contract 3,EER_EPLLPA_PE3_Y44MB_DPG,"Mont Belvieu, Tx Propane Future Contract 3 (Dollars per Gallon)",.952,$/GAL
2007-04,Y44MB,NA,EPLLPA,Propane,PE3,Future Contract 3,EER_EPLLPA_PE3_Y44MB_DPG,"Mont Belvieu, Tx Propane Future Contract 3 (Dollars per Gallon)",1.104,$/GAL
2007-05,Y44MB,NA,EPLLPA,Propane,PE3,Future Contract 3,EER_EPLLPA_PE3_Y44MB_DPG,"Mont Belvieu, Tx Propane Future Contract 3 (Dollars per Gallon)",1.149,$/GAL
2007-10,Y44MB,NA,EPLLPA,Propane,PE3,Future Contract 3,EER_EPLLPA_PE3_Y44MB_DPG,"Mont Belvieu, Tx Propane Future Contract 3 (Dollars per Gallon)",1.441,$/GAL
2008-12,Y44MB,NA,EPLLPA,Propane,PE3,Future Contract 3,EER_EPLLPA_PE3_Y44MB_DPG,"Mont Belvieu, Tx Propane Future Contract 3 (Dollars per Gallon)",.62,$/GAL
2009-03,Y44MB,NA,EPLLPA,Propane,PE3,Future Contract 3,EER_EPLLPA_PE3_Y44MB_DPG,"Mont Belvieu, Tx Propane Future Contract 3 (Dollars per Gallon)",.671,$/GAL
2001-02,Y44MB,NA,EPLLPA,Propane,PE4,Future Contract 4,EER_EPLLPA_PE4_Y44MB_DPG,"Mont Belvieu, Tx Propane Future Contract 4 (Dollars per Gallon)",.54,$/GAL
2001-05,Y44MB,NA,EPLLPA,Propane,PE4,Future Contract 4,EER_EPLLPA_PE4_Y44MB_DPG,"Mont Belvieu, Tx Propane Future Contract 4 (Dollars per Gallon)",.528,$/GAL
2004-08,Y44MB,NA,EPLLPA,Propane,PE4,Future Contract 4,EER_EPLLPA_PE4_Y44MB_DPG,"Mont Belvieu, Tx Propane Future Contract 4 (Dollars per Gallon)",.841,$/GAL
2008-08,Y44MB,NA,EPLLPA,Propane,PE4,Future Contract 4,EER_EPLLPA_PE4_Y44MB_DPG,"Mont Belvieu, Tx Propane Future Contract 4 (Dollars per Gallon)",1.677,$/GAL
2008-10,Y44MB,NA,EPLLPA,Propane,PE4,Future Contract 4,EER_EPLLPA_PE4_Y44MB_DPG,"Mont Belvieu, Tx Propane Future Contract 4 (Dollars per Gallon)",1.061,$/GAL
2008-11,Y44MB,NA,EPLLPA,Propane,PE4,Future Contract 4,EER_EPLLPA_PE4_Y44MB_DPG,"Mont Belvieu, Tx Propane Future Contract 4 (Dollars per Gallon)",.754,$/GAL
2009-02,Y44MB,NA,EPLLPA,Propane,PE4,Future Contract 4,EER_EPLLPA_PE4_Y44MB_DPG,"Mont Belvieu, Tx Propane Future Contract 4 (Dollars per Gallon)",.667,$/GAL
2009-05,Y44MB,NA,EPLLPA,Propane,PE4,Future Contract 4,EER_EPLLPA_PE4_Y44MB_DPG,"Mont Belvieu, Tx Propane Future Contract 4 (Dollars per Gallon)",.739,$/GAL
2001-01,Y44MB,NA,EPLLPA,Propane,PE1,Future Contract 1,EER_EPLLPA_PE1_Y44MB_DPG,"Mont Belvieu, Tx Propane Future Contract 1 (Dollars per Gallon)",.714,$/GAL
2001-11,Y44MB,NA,EPLLPA,Propane,PE1,Future Contract 1,EER_EPLLPA_PE1_Y44MB_DPG,"Mont Belvieu, Tx Propane Future Contract 1 (Dollars per Gallon)",.331,$/GAL
2002-09,Y44MB,NA,EPLLPA,Propane,PE1,Future Contract 1,EER_EPLLPA_PE1_Y44MB_DPG,"Mont Belvieu, Tx Propane Future Contract 1 (Dollars per Gallon)",.472,$/GAL
2002-12,Y44MB,NA,EPLLPA,Propane,PE1,Future Contract 1,EER_EPLLPA_PE1_Y44MB_DPG,"Mont Belvieu, Tx Propane Future Contract 1 (Dollars per Gallon)",.527,$/GAL
2003-01,Y44MB,NA,EPLLPA,Propane,PE1,Future Contract 1,EER_EPLLPA_PE1_Y44MB_DPG,"Mont Belvieu, Tx Propane Future Contract 1 (Dollars per Gallon)",.577,$/GAL
2003-02,Y44MB,NA,EPLLPA,Propane,PE1,Future Contract 1,EER_EPLLPA_PE1_Y44MB_DPG,"Mont Belvieu, Tx Propane Future Contract 1 (Dollars per Gallon)",.649,$/GAL
2003-04,Y44MB,NA,EPLLPA,Propane,PE1,Future Contract 1,EER_EPLLPA_PE1_Y44MB_DPG,"Mont Belvieu, Tx Propane Future Contract 1 (Dollars per Gallon)",.494,$/GAL
2003-08,Y44MB,NA,EPLLPA,Propane,PE1,Future Contract 1,EER_EPLLPA_PE1_Y44MB_DPG,"Mont Belvieu, Tx Propane Future Contract 1 (Dollars per Gallon)",.552,$/GAL
2005-01,Y44MB,NA,EPLLPA,Propane,PE1,Future Contract 1,EER_EPLLPA_PE1_Y44MB_DPG,"Mont Belvieu, Tx Propane Future Contract 1 (Dollars per Gallon)",.732,$/GAL
2005-07,Y44MB,NA,EPLLPA,Propane,PE1,Future Contract 1,EER_EPLLPA_PE1_Y44MB_DPG,"Mont Belvieu, Tx Propane Future Contract 1 (Dollars per Gallon)",.849,$/GAL
2007-10,Y44MB,NA,EPLLPA,Propane,PE1,Future Contract 1,EER_EPLLPA_PE1_Y44MB_DPG,"Mont Belvieu, Tx Propane Future Contract 1 (Dollars per Gallon)",1.431,$/GAL
2009-06,Y44MB,NA,EPLLPA,Propane,PE1,Future Contract 1,EER_EPLLPA_PE1_Y44MB_DPG,"Mont Belvieu, Tx Propane Future Contract 1 (Dollars per Gallon)",.847,$/GAL
2001-05,Y44MB,NA,EPLLPA,Propane,PE2,Future Contract 2,EER_EPLLPA_PE2_Y44MB_DPG,"Mont Belvieu, Tx Propane Future Contract 2 (Dollars per Gallon)",.519,$/GAL
2002-03,Y44MB,NA,EPLLPA,Propane,PE2,Future Contract 2,EER_EPLLPA_PE2_Y44MB_DPG,"Mont Belvieu, Tx Propane Future Contract 2 (Dollars per Gallon)",.381,$/GAL
2002-05,Y44MB,NA,EPLLPA,Propane,PE2,Future Contract 2,EER_EPLLPA_PE2_Y44MB_DPG,"Mont Belvieu, Tx Propane Future Contract 2 (Dollars per Gallon)",.409,$/GAL
2002-09,Y44MB,NA,EPLLPA,Propane,PE2,Future Contract 2,EER_EPLLPA_PE2_Y44MB_DPG,"Mont Belvieu, Tx Propane Future Contract 2 (Dollars per Gallon)",.475,$/GAL
2002-12,Y44MB,NA,EPLLPA,Propane,PE2,Future Contract 2,EER_EPLLPA_PE2_Y44MB_DPG,"Mont Belvieu, Tx Propane Future Contract 2 (Dollars per Gallon)",.505,$/GAL
2003-01,Y44MB,NA,EPLLPA,Propane,PE2,Future Contract 2,EER_EPLLPA_PE2_Y44MB_DPG,"Mont Belvieu, Tx Propane Future Contract 2 (Dollars per Gallon)",.542,$/GAL
2003-09,Y44MB,NA,EPLLPA,Propane,PE2,Future Contract 2,EER_EPLLPA_PE2_Y44MB_DPG,"Mont Belvieu, Tx Propane Future Contract 2 (Dollars per Gallon)",.525,$/GAL
2004-08,Y44MB,NA,EPLLPA,Propane,PE2,Future Contract 2,EER_EPLLPA_PE2_Y44MB_DPG,"Mont Belvieu, Tx Propane Future Contract 2 (Dollars per Gallon)",.838,$/GAL
2005-03,Y44MB,NA,EPLLPA,Propane,PE2,Future Contract 2,EER_EPLLPA_PE2_Y44MB_DPG,"Mont Belvieu, Tx Propane Future Contract 2 (Dollars per Gallon)",.861,$/GAL
2005-05,Y44MB,NA,EPLLPA,Propane,PE2,Future Contract 2,EER_EPLLPA_PE2_Y44MB_DPG,"Mont Belvieu, Tx Propane Future Contract 2 (Dollars per Gallon)",.798,$/GAL
2005-12,Y44MB,NA,EPLLPA,Propane,PE2,Future Contract 2,EER_EPLLPA_PE2_Y44MB_DPG,"Mont Belvieu, Tx Propane Future Contract 2 (Dollars per Gallon)",1.055,$/GAL
2007-02,Y44MB,NA,EPLLPA,Propane,PE2,Future Contract 2,EER_EPLLPA_PE2_Y44MB_DPG,"Mont Belvieu, Tx Propane Future Contract 2 (Dollars per Gallon)",.945,$/GAL
2008-09,Y44MB,NA,EPLLPA,Propane,PE2,Future Contract 2,EER_EPLLPA_PE2_Y44MB_DPG,"Mont Belvieu, Tx Propane Future Contract 2 (Dollars per Gallon)",1.556,$/GAL
2009-02,Y44MB,NA,EPLLPA,Propane,PE2,Future Contract 2,EER_EPLLPA_PE2_Y44MB_DPG,"Mont Belvieu, Tx Propane Future Contract 2 (Dollars per Gallon)",.657,$/GAL
2009-03,Y44MB,NA,EPLLPA,Propane,PE2,Future Contract 2,EER_EPLLPA_PE2_Y44MB_DPG,"Mont Belvieu, Tx Propane Future Contract 2 (Dollars per Gallon)",.665,$/GAL
2009-04,Y44MB,NA,EPLLPA,Propane,PE2,Future Contract 2,EER_EPLLPA_PE2_Y44MB_DPG,"Mont Belvieu, Tx Propane Future Contract 2 (Dollars per Gallon)",.653,$/GAL
2001-05,Y44MB,NA,EPLLPA,Propane,PE3,Future Contract 3,EER_EPLLPA_PE3_Y44MB_DPG,"Mont Belvieu, Tx Propane Future Contract 3 (Dollars per Gallon)",.523,$/GAL
2002-05,Y44MB,NA,EPLLPA,Propane,PE3,Future Contract 3,EER_EPLLPA_PE3_Y44MB_DPG,"Mont Belvieu, Tx Propane Future Contract 3 (Dollars per Gallon)",.413,$/GAL
2002-06,Y44MB,NA,EPLLPA,Propane,PE3,Future Contract 3,EER_EPLLPA_PE3_Y44MB_DPG,"Mont Belvieu, Tx Propane Future Contract 3 (Dollars per Gallon)",.386,$/GAL
2003-01,Y44MB,NA,EPLLPA,Propane,PE3,Future Contract 3,EER_EPLLPA_PE3_Y44MB_DPG,"Mont Belvieu, Tx Propane Future Contract 3 (Dollars per Gallon)",.508,$/GAL
2003-06,Y44MB,NA,EPLLPA,Propane,PE3,Future Contract 3,EER_EPLLPA_PE3_Y44MB_DPG,"Mont Belvieu, Tx Propane Future Contract 3 (Dollars per Gallon)",.564,$/GAL
2005-02,Y44MB,NA,EPLLPA,Propane,PE3,Future Contract 3,EER_EPLLPA_PE3_Y44MB_DPG,"Mont Belvieu, Tx Propane Future Contract 3 (Dollars per Gallon)",.748,$/GAL
2005-07,Y44MB,NA,EPLLPA,Propane,PE3,Future Contract 3,EER_EPLLPA_PE3_Y44MB_DPG,"Mont Belvieu, Tx Propane Future Contract 3 (Dollars per Gallon)",.862,$/GAL
2006-02,Y44MB,NA,EPLLPA,Propane,PE3,Future Contract 3,EER_EPLLPA_PE3_Y44MB_DPG,"Mont Belvieu, Tx Propane Future Contract 3 (Dollars per Gallon)",.926,$/GAL
2006-11,Y44MB,NA,EPLLPA,Propane,PE3,Future Contract 3,EER_EPLLPA_PE3_Y44MB_DPG,"Mont Belvieu, Tx Propane Future Contract 3 (Dollars per Gallon)",.955,$/GAL
2007-03,Y44MB,NA,EPLLPA,Propane,PE3,Future Contract 3,EER_EPLLPA_PE3_Y44MB_DPG,"Mont Belvieu, Tx Propane Future Contract 3 (Dollars per Gallon)",1.02,$/GAL
2007-09,Y44MB,NA,EPLLPA,Propane,PE3,Future Contract 3,EER_EPLLPA_PE3_Y44MB_DPG,"Mont Belvieu, Tx Propane Future Contract 3 (Dollars per Gallon)",1.303,$/GAL
2007-11,Y44MB,NA,EPLLPA,Propane,PE3,Future Contract 3,EER_EPLLPA_PE3_Y44MB_DPG,"Mont Belvieu, Tx Propane Future Contract 3 (Dollars per Gallon)",1.534,$/GAL
2008-02,Y44MB,NA,EPLLPA,Propane,PE3,Future Contract 3,EER_EPLLPA_PE3_Y44MB_DPG,"Mont Belvieu, Tx Propane Future Contract 3 (Dollars per Gallon)",1.437,$/GAL
2008-06,Y44MB,NA,EPLLPA,Propane,PE3,Future Contract 3,EER_EPLLPA_PE3_Y44MB_DPG,"Mont Belvieu, Tx Propane Future Contract 3 (Dollars per Gallon)",1.797,$/GAL
2008-11,Y44MB,NA,EPLLPA,Propane,PE3,Future Contract 3,EER_EPLLPA_PE3_Y44MB_DPG,"Mont Belvieu, Tx Propane Future Contract 3 (Dollars per Gallon)",.761,$/GAL
2009-05,Y44MB,NA,EPLLPA,Propane,PE3,Future Contract 3,EER_EPLLPA_PE3_Y44MB_DPG,"Mont Belvieu, Tx Propane Future Contract 3 (Dollars per Gallon)",.729,$/GAL
2001-03,Y44MB,NA,EPLLPA,Propane,PE4,Future Contract 4,EER_EPLLPA_PE4_Y44MB_DPG,"Mont Belvieu, Tx Propane Future Contract 4 (Dollars per Gallon)",.533,$/GAL
2001-10,Y44MB,NA,EPLLPA,Propane,PE4,Future Contract 4,EER_EPLLPA_PE4_Y44MB_DPG,"Mont Belvieu, Tx Propane Future Contract 4 (Dollars per Gallon)",.391,$/GAL
2003-03,Y44MB,NA,EPLLPA,Propane,PE4,Future Contract 4,EER_EPLLPA_PE4_Y44MB_DPG,"Mont Belvieu, Tx Propane Future Contract 4 (Dollars per Gallon)",.543,$/GAL
2003-08,Y44MB,NA,EPLLPA,Propane,PE4,Future Contract 4,EER_EPLLPA_PE4_Y44MB_DPG,"Mont Belvieu, Tx Propane Future Contract 4 (Dollars per Gallon)",.561,$/GAL
2004-11,Y44MB,NA,EPLLPA,Propane,PE4,Future Contract 4,EER_EPLLPA_PE4_Y44MB_DPG,"Mont Belvieu, Tx Propane Future Contract 4 (Dollars per Gallon)",.791,$/GAL
2005-03,Y44MB,NA,EPLLPA,Propane,PE4,Future Contract 4,EER_EPLLPA_PE4_Y44MB_DPG,"Mont Belvieu, Tx Propane Future Contract 4 (Dollars per Gallon)",.861,$/GAL
2005-08,Y44MB,NA,EPLLPA,Propane,PE4,Future Contract 4,EER_EPLLPA_PE4_Y44MB_DPG,"Mont Belvieu, Tx Propane Future Contract 4 (Dollars per Gallon)",.962,$/GAL
2005-11,Y44MB,NA,EPLLPA,Propane,PE4,Future Contract 4,EER_EPLLPA_PE4_Y44MB_DPG,"Mont Belvieu, Tx Propane Future Contract 4 (Dollars per Gallon)",.991,$/GAL
2006-07,Y44MB,NA,EPLLPA,Propane,PE4,Future Contract 4,EER_EPLLPA_PE4_Y44MB_DPG,"Mont Belvieu, Tx Propane Future Contract 4 (Dollars per Gallon)",1.194,$/GAL
2006-12,Y44MB,NA,EPLLPA,Propane,PE4,Future Contract 4,EER_EPLLPA_PE4_Y44MB_DPG,"Mont Belvieu, Tx Propane Future Contract 4 (Dollars per Gallon)",.937,$/GAL
2007-03,Y44MB,NA,EPLLPA,Propane,PE4,Future Contract 4,EER_EPLLPA_PE4_Y44MB_DPG,"Mont Belvieu, Tx Propane Future Contract 4 (Dollars per Gallon)",1.025,$/GAL
2008-01,Y44MB,NA,EPLLPA,Propane,PE4,Future Contract 4,EER_EPLLPA_PE4_Y44MB_DPG,"Mont Belvieu, Tx Propane Future Contract 4 (Dollars per Gallon)",1.417,$/GAL
2009-04,Y44MB,NA,EPLLPA,Propane,PE4,Future Contract 4,EER_EPLLPA_PE4_Y44MB_DPG,"Mont Belvieu, Tx Propane Future Contract 4 (Dollars per Gallon)",.67,$/GAL
2003-12,Y44MB,NA,EPLLPA,Propane,PE1,Future Contract 1,EER_EPLLPA_PE1_Y44MB_DPG,"Mont Belvieu, Tx Propane Future Contract 1 (Dollars per Gallon)",.628,$/GAL
2004-05,Y44MB,NA,EPLLPA,Propane,PE1,Future Contract 1,EER_EPLLPA_PE1_Y44MB_DPG,"Mont Belvieu, Tx Propane Future Contract 1 (Dollars per Gallon)",.675,$/GAL
2006-03,Y44MB,NA,EPLLPA,Propane,PE1,Future Contract 1,EER_EPLLPA_PE1_Y44MB_DPG,"Mont Belvieu, Tx Propane Future Contract 1 (Dollars per Gallon)",.921,$/GAL
2007-09,Y44MB,NA,EPLLPA,Propane,PE1,Future Contract 1,EER_EPLLPA_PE1_Y44MB_DPG,"Mont Belvieu, Tx Propane Future Contract 1 (Dollars per Gallon)",1.295,$/GAL
2007-12,Y44MB,NA,EPLLPA,Propane,PE1,Future Contract 1,EER_EPLLPA_PE1_Y44MB_DPG,"Mont Belvieu, Tx Propane Future Contract 1 (Dollars per Gallon)",1.533,$/GAL
2008-01,Y44MB,NA,EPLLPA,Propane,PE1,Future Contract 1,EER_EPLLPA_PE1_Y44MB_DPG,"Mont Belvieu, Tx Propane Future Contract 1 (Dollars per Gallon)",1.5,$/GAL
2008-08,Y44MB,NA,EPLLPA,Propane,PE1,Future Contract 1,EER_EPLLPA_PE1_Y44MB_DPG,"Mont Belvieu, Tx Propane Future Contract 1 (Dollars per Gallon)",1.666,$/GAL
2009-03,Y44MB,NA,EPLLPA,Propane,PE1,Future Contract 1,EER_EPLLPA_PE1_Y44MB_DPG,"Mont Belvieu, Tx Propane Future Contract 1 (Dollars per Gallon)",.659,$/GAL
2001-12,Y44MB,NA,EPLLPA,Propane,PE2,Future Contract 2,EER_EPLLPA_PE2_Y44MB_DPG,"Mont Belvieu, Tx Propane Future Contract 2 (Dollars per Gallon)",.306,$/GAL
2002-01,Y44MB,NA,EPLLPA,Propane,PE2,Future Contract 2,EER_EPLLPA_PE2_Y44MB_DPG,"Mont Belvieu, Tx Propane Future Contract 2 (Dollars per Gallon)",.291,$/GAL
2002-07,Y44MB,NA,EPLLPA,Propane,PE2,Future Contract 2,EER_EPLLPA_PE2_Y44MB_DPG,"Mont Belvieu, Tx Propane Future Contract 2 (Dollars per Gallon)",.381,$/GAL
2002-10,Y44MB,NA,EPLLPA,Propane,PE2,Future Contract 2,EER_EPLLPA_PE2_Y44MB_DPG,"Mont Belvieu, Tx Propane Future Contract 2 (Dollars per Gallon)",.481,$/GAL
2003-03,Y44MB,NA,EPLLPA,Propane,PE2,Future Contract 2,EER_EPLLPA_PE2_Y44MB_DPG,"Mont Belvieu, Tx Propane Future Contract 2 (Dollars per Gallon)",.553,$/GAL
2003-05,Y44MB,NA,EPLLPA,Propane,PE2,Future Contract 2,EER_EPLLPA_PE2_Y44MB_DPG,"Mont Belvieu, Tx Propane Future Contract 2 (Dollars per Gallon)",.54,$/GAL
2004-06,Y44MB,NA,EPLLPA,Propane,PE2,Future Contract 2,EER_EPLLPA_PE2_Y44MB_DPG,"Mont Belvieu, Tx Propane Future Contract 2 (Dollars per Gallon)",.673,$/GAL
2005-11,Y44MB,NA,EPLLPA,Propane,PE2,Future Contract 2,EER_EPLLPA_PE2_Y44MB_DPG,"Mont Belvieu, Tx Propane Future Contract 2 (Dollars per Gallon)",1.016,$/GAL
2006-01,Y44MB,NA,EPLLPA,Propane,PE2,Future Contract 2,EER_EPLLPA_PE2_Y44MB_DPG,"Mont Belvieu, Tx Propane Future Contract 2 (Dollars per Gallon)",.985,$/GAL
2006-09,Y44MB,NA,EPLLPA,Propane,PE2,Future Contract 2,EER_EPLLPA_PE2_Y44MB_DPG,"Mont Belvieu, Tx Propane Future Contract 2 (Dollars per Gallon)",1.032,$/GAL
2006-11,Y44MB,NA,EPLLPA,Propane,PE2,Future Contract 2,EER_EPLLPA_PE2_Y44MB_DPG,"Mont Belvieu, Tx Propane Future Contract 2 (Dollars per Gallon)",.961,$/GAL
2007-10,Y44MB,NA,EPLLPA,Propane,PE2,Future Contract 2,EER_EPLLPA_PE2_Y44MB_DPG,"Mont Belvieu, Tx Propane Future Contract 2 (Dollars per Gallon)",1.436,$/GAL
2009-05,Y44MB,NA,EPLLPA,Propane,PE2,Future Contract 2,EER_EPLLPA_PE2_Y44MB_DPG,"Mont Belvieu, Tx Propane Future Contract 2 (Dollars per Gallon)",.71,$/GAL
2001-03,Y44MB,NA,EPLLPA,Propane,PE3,Future Contract 3,EER_EPLLPA_PE3_Y44MB_DPG,"Mont Belvieu, Tx Propane Future Contract 3 (Dollars per Gallon)",.53,$/GAL
2002-04,Y44MB,NA,EPLLPA,Propane,PE3,Future Contract 3,EER_EPLLPA_PE3_Y44MB_DPG,"Mont Belvieu, Tx Propane Future Contract 3 (Dollars per Gallon)",.417,$/GAL
2003-10,Y44MB,NA,EPLLPA,Propane,PE3,Future Contract 3,EER_EPLLPA_PE3_Y44MB_DPG,"Mont Belvieu, Tx Propane Future Contract 3 (Dollars per Gallon)",.56,$/GAL
2003-11,Y44MB,NA,EPLLPA,Propane,PE3,Future Contract 3,EER_EPLLPA_PE3_Y44MB_DPG,"Mont Belvieu, Tx Propane Future Contract 3 (Dollars per Gallon)",.532,$/GAL
2004-03,Y44MB,NA,EPLLPA,Propane,PE3,Future Contract 3,EER_EPLLPA_PE3_Y44MB_DPG,"Mont Belvieu, Tx Propane Future Contract 3 (Dollars per Gallon)",.578,$/GAL
2004-05,Y44MB,NA,EPLLPA,Propane,PE3,Future Contract 3,EER_EPLLPA_PE3_Y44MB_DPG,"Mont Belvieu, Tx Propane Future Contract 3 (Dollars per Gallon)",.678,$/GAL
2005-01,Y44MB,NA,EPLLPA,Propane,PE3,Future Contract 3,EER_EPLLPA_PE3_Y44MB_DPG,"Mont Belvieu, Tx Propane Future Contract 3 (Dollars per Gallon)",.706,$/GAL
2005-03,Y44MB,NA,EPLLPA,Propane,PE3,Future Contract 3,EER_EPLLPA_PE3_Y44MB_DPG,"Mont Belvieu, Tx Propane Future Contract 3 (Dollars per Gallon)",.861,$/GAL
2005-10,Y44MB,NA,EPLLPA,Propane,PE3,Future Contract 3,EER_EPLLPA_PE3_Y44MB_DPG,"Mont Belvieu, Tx Propane Future Contract 3 (Dollars per Gallon)",1.152,$/GAL
2006-05,Y44MB,NA,EPLLPA,Propane,PE3,Future Contract 3,EER_EPLLPA_PE3_Y44MB_DPG,"Mont Belvieu, Tx Propane Future Contract 3 (Dollars per Gallon)",1.041,$/GAL
2006-06,Y44MB,NA,EPLLPA,Propane,PE3,Future Contract 3,EER_EPLLPA_PE3_Y44MB_DPG,"Mont Belvieu, Tx Propane Future Contract 3 (Dollars per Gallon)",1.104,$/GAL
2001-12,Y44MB,NA,EPLLPA,Propane,PE4,Future Contract 4,EER_EPLLPA_PE4_Y44MB_DPG,"Mont Belvieu, Tx Propane Future Contract 4 (Dollars per Gallon)",.313,$/GAL
2002-12,Y44MB,NA,EPLLPA,Propane,PE4,Future Contract 4,EER_EPLLPA_PE4_Y44MB_DPG,"Mont Belvieu, Tx Propane Future Contract 4 (Dollars per Gallon)",.462,$/GAL
2003-06,Y44MB,NA,EPLLPA,Propane,PE4,Future Contract 4,EER_EPLLPA_PE4_Y44MB_DPG,"Mont Belvieu, Tx Propane Future Contract 4 (Dollars per Gallon)",.565,$/GAL
2004-04,Y44MB,NA,EPLLPA,Propane,PE4,Future Contract 4,EER_EPLLPA_PE4_Y44MB_DPG,"Mont Belvieu, Tx Propane Future Contract 4 (Dollars per Gallon)",.613,$/GAL
2005-05,Y44MB,NA,EPLLPA,Propane,PE4,Future Contract 4,EER_EPLLPA_PE4_Y44MB_DPG,"Mont Belvieu, Tx Propane Future Contract 4 (Dollars per Gallon)",.806,$/GAL
2005-09,Y44MB,NA,EPLLPA,Propane,PE4,Future Contract 4,EER_EPLLPA_PE4_Y44MB_DPG,"Mont Belvieu, Tx Propane Future Contract 4 (Dollars per Gallon)",1.144,$/GAL
2006-01,Y44MB,NA,EPLLPA,Propane,PE4,Future Contract 4,EER_EPLLPA_PE4_Y44MB_DPG,"Mont Belvieu, Tx Propane Future Contract 4 (Dollars per Gallon)",.98,$/GAL
2006-03,Y44MB,NA,EPLLPA,Propane,PE4,Future Contract 4,EER_EPLLPA_PE4_Y44MB_DPG,"Mont Belvieu, Tx Propane Future Contract 4 (Dollars per Gallon)",.928,$/GAL
2006-09,Y44MB,NA,EPLLPA,Propane,PE4,Future Contract 4,EER_EPLLPA_PE4_Y44MB_DPG,"Mont Belvieu, Tx Propane Future Contract 4 (Dollars per Gallon)",1.058,$/GAL
2007-04,Y44MB,NA,EPLLPA,Propane,PE4,Future Contract 4,EER_EPLLPA_PE4_Y44MB_DPG,"Mont Belvieu, Tx Propane Future Contract 4 (Dollars per Gallon)",1.108,$/GAL
2007-08,Y44MB,NA,EPLLPA,Propane,PE4,Future Contract 4,EER_EPLLPA_PE4_Y44MB_DPG,"Mont Belvieu, Tx Propane Future Contract 4 (Dollars per Gallon)",1.205,$/GAL
2008-02,Y44MB,NA,EPLLPA,Propane,PE4,Future Contract 4,EER_EPLLPA_PE4_Y44MB_DPG,"Mont Belvieu, Tx Propane Future Contract 4 (Dollars per Gallon)",1.438,$/GAL
2009-07,Y44MB,NA,EPLLPA,Propane,PE4,Future Contract 4,EER_EPLLPA_PE4_Y44MB_DPG,"Mont Belvieu, Tx Propane Future Contract 4 (Dollars per Gallon)",.786,$/GAL
2001-04,Y44MB,NA,EPLLPA,Propane,PE1,Future Contract 1,EER_EPLLPA_PE1_Y44MB_DPG,"Mont Belvieu, Tx Propane Future Contract 1 (Dollars per Gallon)",.545,$/GAL
2001-12,Y44MB,NA,EPLLPA,Propane,PE1,Future Contract 1,EER_EPLLPA_PE1_Y44MB_DPG,"Mont Belvieu, Tx Propane Future Contract 1 (Dollars per Gallon)",.307,$/GAL
2002-04,Y44MB,NA,EPLLPA,Propane,PE1,Future Contract 1,EER_EPLLPA_PE1_Y44MB_DPG,"Mont Belvieu, Tx Propane Future Contract 1 (Dollars per Gallon)",.414,$/GAL
2003-05,Y44MB,NA,EPLLPA,Propane,PE1,Future Contract 1,EER_EPLLPA_PE1_Y44MB_DPG,"Mont Belvieu, Tx Propane Future Contract 1 (Dollars per Gallon)",.537,$/GAL
2004-03,Y44MB,NA,EPLLPA,Propane,PE1,Future Contract 1,EER_EPLLPA_PE1_Y44MB_DPG,"Mont Belvieu, Tx Propane Future Contract 1 (Dollars per Gallon)",.577,$/GAL
2004-12,Y44MB,NA,EPLLPA,Propane,PE1,Future Contract 1,EER_EPLLPA_PE1_Y44MB_DPG,"Mont Belvieu, Tx Propane Future Contract 1 (Dollars per Gallon)",.781,$/GAL
2007-07,Y44MB,NA,EPLLPA,Propane,PE1,Future Contract 1,EER_EPLLPA_PE1_Y44MB_DPG,"Mont Belvieu, Tx Propane Future Contract 1 (Dollars per Gallon)",1.193,$/GAL
2009-04,Y44MB,NA,EPLLPA,Propane,PE1,Future Contract 1,EER_EPLLPA_PE1_Y44MB_DPG,"Mont Belvieu, Tx Propane Future Contract 1 (Dollars per Gallon)",.645,$/GAL
2001-02,Y44MB,NA,EPLLPA,Propane,PE2,Future Contract 2,EER_EPLLPA_PE2_Y44MB_DPG,"Mont Belvieu, Tx Propane Future Contract 2 (Dollars per Gallon)",.539,$/GAL
2001-06,Y44MB,NA,EPLLPA,Propane,PE2,Future Contract 2,EER_EPLLPA_PE2_Y44MB_DPG,"Mont Belvieu, Tx Propane Future Contract 2 (Dollars per Gallon)",.442,$/GAL
2001-08,Y44MB,NA,EPLLPA,Propane,PE2,Future Contract 2,EER_EPLLPA_PE2_Y44MB_DPG,"Mont Belvieu, Tx Propane Future Contract 2 (Dollars per Gallon)",.425,$/GAL
2002-08,Y44MB,NA,EPLLPA,Propane,PE2,Future Contract 2,EER_EPLLPA_PE2_Y44MB_DPG,"Mont Belvieu, Tx Propane Future Contract 2 (Dollars per Gallon)",.422,$/GAL
2002-11,Y44MB,NA,EPLLPA,Propane,PE2,Future Contract 2,EER_EPLLPA_PE2_Y44MB_DPG,"Mont Belvieu, Tx Propane Future Contract 2 (Dollars per Gallon)",.477,$/GAL
2004-09,Y44MB,NA,EPLLPA,Propane,PE2,Future Contract 2,EER_EPLLPA_PE2_Y44MB_DPG,"Mont Belvieu, Tx Propane Future Contract 2 (Dollars per Gallon)",.802,$/GAL
2005-04,Y44MB,NA,EPLLPA,Propane,PE2,Future Contract 2,EER_EPLLPA_PE2_Y44MB_DPG,"Mont Belvieu, Tx Propane Future Contract 2 (Dollars per Gallon)",.857,$/GAL
2005-08,Y44MB,NA,EPLLPA,Propane,PE2,Future Contract 2,EER_EPLLPA_PE2_Y44MB_DPG,"Mont Belvieu, Tx Propane Future Contract 2 (Dollars per Gallon)",.95,$/GAL
2005-09,Y44MB,NA,EPLLPA,Propane,PE2,Future Contract 2,EER_EPLLPA_PE2_Y44MB_DPG,"Mont Belvieu, Tx Propane Future Contract 2 (Dollars per Gallon)",1.133,$/GAL
2006-08,Y44MB,NA,EPLLPA,Propane,PE2,Future Contract 2,EER_EPLLPA_PE2_Y44MB_DPG,"Mont Belvieu, Tx Propane Future Contract 2 (Dollars per Gallon)",1.151,$/GAL
2007-06,Y44MB,NA,EPLLPA,Propane,PE2,Future Contract 2,EER_EPLLPA_PE2_Y44MB_DPG,"Mont Belvieu, Tx Propane Future Contract 2 (Dollars per Gallon)",1.146,$/GAL
2007-08,Y44MB,NA,EPLLPA,Propane,PE2,Future Contract 2,EER_EPLLPA_PE2_Y44MB_DPG,"Mont Belvieu, Tx Propane Future Contract 2 (Dollars per Gallon)",1.195,$/GAL
2008-01,Y44MB,NA,EPLLPA,Propane,PE2,Future Contract 2,EER_EPLLPA_PE2_Y44MB_DPG,"Mont Belvieu, Tx Propane Future Contract 2 (Dollars per Gallon)",1.472,$/GAL
2008-12,Y44MB,NA,EPLLPA,Propane,PE2,Future Contract 2,EER_EPLLPA_PE2_Y44MB_DPG,"Mont Belvieu, Tx Propane Future Contract 2 (Dollars per Gallon)",.623,$/GAL
2001-12,Y44MB,NA,EPLLPA,Propane,PE3,Future Contract 3,EER_EPLLPA_PE3_Y44MB_DPG,"Mont Belvieu, Tx Propane Future Contract 3 (Dollars per Gallon)",.308,$/GAL
2003-03,Y44MB,NA,EPLLPA,Propane,PE3,Future Contract 3,EER_EPLLPA_PE3_Y44MB_DPG,"Mont Belvieu, Tx Propane Future Contract 3 (Dollars per Gallon)",.543,$/GAL
2003-09,Y44MB,NA,EPLLPA,Propane,PE3,Future Contract 3,EER_EPLLPA_PE3_Y44MB_DPG,"Mont Belvieu, Tx Propane Future Contract 3 (Dollars per Gallon)",.528,$/GAL
2004-01,Y44MB,NA,EPLLPA,Propane,PE3,Future Contract 3,EER_EPLLPA_PE3_Y44MB_DPG,"Mont Belvieu, Tx Propane Future Contract 3 (Dollars per Gallon)",.571,$/GAL
2004-07,Y44MB,NA,EPLLPA,Propane,PE3,Future Contract 3,EER_EPLLPA_PE3_Y44MB_DPG,"Mont Belvieu, Tx Propane Future Contract 3 (Dollars per Gallon)",.746,$/GAL
2006-09,Y44MB,NA,EPLLPA,Propane,PE3,Future Contract 3,EER_EPLLPA_PE3_Y44MB_DPG,"Mont Belvieu, Tx Propane Future Contract 3 (Dollars per Gallon)",1.037,$/GAL
2007-01,Y44MB,NA,EPLLPA,Propane,PE3,Future Contract 3,EER_EPLLPA_PE3_Y44MB_DPG,"Mont Belvieu, Tx Propane Future Contract 3 (Dollars per Gallon)",.865,$/GAL
2007-02,Y44MB,NA,EPLLPA,Propane,PE3,Future Contract 3,EER_EPLLPA_PE3_Y44MB_DPG,"Mont Belvieu, Tx Propane Future Contract 3 (Dollars per Gallon)",.943,$/GAL
2007-08,Y44MB,NA,EPLLPA,Propane,PE3,Future Contract 3,EER_EPLLPA_PE3_Y44MB_DPG,"Mont Belvieu, Tx Propane Future Contract 3 (Dollars per Gallon)",1.2,$/GAL
2007-12,Y44MB,NA,EPLLPA,Propane,PE3,Future Contract 3,EER_EPLLPA_PE3_Y44MB_DPG,"Mont Belvieu, Tx Propane Future Contract 3 (Dollars per Gallon)",1.474,$/GAL
2008-07,Y44MB,NA,EPLLPA,Propane,PE3,Future Contract 3,EER_EPLLPA_PE3_Y44MB_DPG,"Mont Belvieu, Tx Propane Future Contract 3 (Dollars per Gallon)",1.879,$/GAL
2009-08,Y44MB,NA,EPLLPA,Propane,PE3,Future Contract 3,EER_EPLLPA_PE3_Y44MB_DPG,"Mont Belvieu, Tx Propane Future Contract 3 (Dollars per Gallon)",.933,$/GAL
2001-11,Y44MB,NA,EPLLPA,Propane,PE4,Future Contract 4,EER_EPLLPA_PE4_Y44MB_DPG,"Mont Belvieu, Tx Propane Future Contract 4 (Dollars per Gallon)",.323,$/GAL
2002-10,Y44MB,NA,EPLLPA,Propane,PE4,Future Contract 4,EER_EPLLPA_PE4_Y44MB_DPG,"Mont Belvieu, Tx Propane Future Contract 4 (Dollars per Gallon)",.467,$/GAL
2003-01,Y44MB,NA,EPLLPA,Propane,PE4,Future Contract 4,EER_EPLLPA_PE4_Y44MB_DPG,"Mont Belvieu, Tx Propane Future Contract 4 (Dollars per Gallon)",.5,$/GAL
2003-02,Y44MB,NA,EPLLPA,Propane,PE4,Future Contract 4,EER_EPLLPA_PE4_Y44MB_DPG,"Mont Belvieu, Tx Propane Future Contract 4 (Dollars per Gallon)",.551,$/GAL
2004-01,Y44MB,NA,EPLLPA,Propane,PE4,Future Contract 4,EER_EPLLPA_PE4_Y44MB_DPG,"Mont Belvieu, Tx Propane Future Contract 4 (Dollars per Gallon)",.557,$/GAL
2004-09,Y44MB,NA,EPLLPA,Propane,PE4,Future Contract 4,EER_EPLLPA_PE4_Y44MB_DPG,"Mont Belvieu, Tx Propane Future Contract 4 (Dollars per Gallon)",.807,$/GAL
2005-10,Y44MB,NA,EPLLPA,Propane,PE4,Future Contract 4,EER_EPLLPA_PE4_Y44MB_DPG,"Mont Belvieu, Tx Propane Future Contract 4 (Dollars per Gallon)",1.14,$/GAL
2006-05,Y44MB,NA,EPLLPA,Propane,PE4,Future Contract 4,EER_EPLLPA_PE4_Y44MB_DPG,"Mont Belvieu, Tx Propane Future Contract 4 (Dollars per Gallon)",1.054,$/GAL
2006-11,Y44MB,NA,EPLLPA,Propane,PE4,Future Contract 4,EER_EPLLPA_PE4_Y44MB_DPG,"Mont Belvieu, Tx Propane Future Contract 4 (Dollars per Gallon)",.945,$/GAL
2007-01,Y44MB,NA,EPLLPA,Propane,PE4,Future Contract 4,EER_EPLLPA_PE4_Y44MB_DPG,"Mont Belvieu, Tx Propane Future Contract 4 (Dollars per Gallon)",.865,$/GAL
2007-09,Y44MB,NA,EPLLPA,Propane,PE4,Future Contract 4,EER_EPLLPA_PE4_Y44MB_DPG,"Mont Belvieu, Tx Propane Future Contract 4 (Dollars per Gallon)",1.306,$/GAL
2007-12,Y44MB,NA,EPLLPA,Propane,PE4,Future Contract 4,EER_EPLLPA_PE4_Y44MB_DPG,"Mont Belvieu, Tx Propane Future Contract 4 (Dollars per Gallon)",1.413,$/GAL
2008-12,Y44MB,NA,EPLLPA,Propane,PE4,Future Contract 4,EER_EPLLPA_PE4_Y44MB_DPG,"Mont Belvieu, Tx Propane Future Contract 4 (Dollars per Gallon)",.612,$/GAL
2001-07,Y44MB,NA,EPLLPA,Propane,PE1,Future Contract 1,EER_EPLLPA_PE1_Y44MB_DPG,"Mont Belvieu, Tx Propane Future Contract 1 (Dollars per Gallon)",.395,$/GAL
2001-08,Y44MB,NA,EPLLPA,Propane,PE1,Future Contract 1,EER_EPLLPA_PE1_Y44MB_DPG,"Mont Belvieu, Tx Propane Future Contract 1 (Dollars per Gallon)",.42,$/GAL
2003-09,Y44MB,NA,EPLLPA,Propane,PE1,Future Contract 1,EER_EPLLPA_PE1_Y44MB_DPG,"Mont Belvieu, Tx Propane Future Contract 1 (Dollars per Gallon)",.522,$/GAL
2004-01,Y44MB,NA,EPLLPA,Propane,PE1,Future Contract 1,EER_EPLLPA_PE1_Y44MB_DPG,"Mont Belvieu, Tx Propane Future Contract 1 (Dollars per Gallon)",.692,$/GAL
2004-02,Y44MB,NA,EPLLPA,Propane,PE1,Future Contract 1,EER_EPLLPA_PE1_Y44MB_DPG,"Mont Belvieu, Tx Propane Future Contract 1 (Dollars per Gallon)",.577,$/GAL
2005-03,Y44MB,NA,EPLLPA,Propane,PE1,Future Contract 1,EER_EPLLPA_PE1_Y44MB_DPG,"Mont Belvieu, Tx Propane Future Contract 1 (Dollars per Gallon)",.862,$/GAL
2005-06,Y44MB,NA,EPLLPA,Propane,PE1,Future Contract 1,EER_EPLLPA_PE1_Y44MB_DPG,"Mont Belvieu, Tx Propane Future Contract 1 (Dollars per Gallon)",.822,$/GAL
2006-02,Y44MB,NA,EPLLPA,Propane,PE1,Future Contract 1,EER_EPLLPA_PE1_Y44MB_DPG,"Mont Belvieu, Tx Propane Future Contract 1 (Dollars per Gallon)",.918,$/GAL
2006-07,Y44MB,NA,EPLLPA,Propane,PE1,Future Contract 1,EER_EPLLPA_PE1_Y44MB_DPG,"Mont Belvieu, Tx Propane Future Contract 1 (Dollars per Gallon)",1.172,$/GAL
2006-11,Y44MB,NA,EPLLPA,Propane,PE1,Future Contract 1,EER_EPLLPA_PE1_Y44MB_DPG,"Mont Belvieu, Tx Propane Future Contract 1 (Dollars per Gallon)",.955,$/GAL
2007-05,Y44MB,NA,EPLLPA,Propane,PE1,Future Contract 1,EER_EPLLPA_PE1_Y44MB_DPG,"Mont Belvieu, Tx Propane Future Contract 1 (Dollars per Gallon)",1.146,$/GAL
2008-04,Y44MB,NA,EPLLPA,Propane,PE1,Future Contract 1,EER_EPLLPA_PE1_Y44MB_DPG,"Mont Belvieu, Tx Propane Future Contract 1 (Dollars per Gallon)",1.567,$/GAL
2003-11,Y44MB,NA,EPLLPA,Propane,PE2,Future Contract 2,EER_EPLLPA_PE2_Y44MB_DPG,"Mont Belvieu, Tx Propane Future Contract 2 (Dollars per Gallon)",.549,$/GAL
2004-01,Y44MB,NA,EPLLPA,Propane,PE2,Future Contract 2,EER_EPLLPA_PE2_Y44MB_DPG,"Mont Belvieu, Tx Propane Future Contract 2 (Dollars per Gallon)",.629,$/GAL
2004-07,Y44MB,NA,EPLLPA,Propane,PE2,Future Contract 2,EER_EPLLPA_PE2_Y44MB_DPG,"Mont Belvieu, Tx Propane Future Contract 2 (Dollars per Gallon)",.744,$/GAL
2005-01,Y44MB,NA,EPLLPA,Propane,PE2,Future Contract 2,EER_EPLLPA_PE2_Y44MB_DPG,"Mont Belvieu, Tx Propane Future Contract 2 (Dollars per Gallon)",.714,$/GAL
2005-06,Y44MB,NA,EPLLPA,Propane,PE2,Future Contract 2,EER_EPLLPA_PE2_Y44MB_DPG,"Mont Belvieu, Tx Propane Future Contract 2 (Dollars per Gallon)",.826,$/GAL
2005-10,Y44MB,NA,EPLLPA,Propane,PE2,Future Contract 2,EER_EPLLPA_PE2_Y44MB_DPG,"Mont Belvieu, Tx Propane Future Contract 2 (Dollars per Gallon)",1.144,$/GAL
2006-07,Y44MB,NA,EPLLPA,Propane,PE2,Future Contract 2,EER_EPLLPA_PE2_Y44MB_DPG,"Mont Belvieu, Tx Propane Future Contract 2 (Dollars per Gallon)",1.182,$/GAL
2006-10,Y44MB,NA,EPLLPA,Propane,PE2,Future Contract 2,EER_EPLLPA_PE2_Y44MB_DPG,"Mont Belvieu, Tx Propane Future Contract 2 (Dollars per Gallon)",.952,$/GAL
2007-01,Y44MB,NA,EPLLPA,Propane,PE2,Future Contract 2,EER_EPLLPA_PE2_Y44MB_DPG,"Mont Belvieu, Tx Propane Future Contract 2 (Dollars per Gallon)",.878,$/GAL
2008-02,Y44MB,NA,EPLLPA,Propane,PE2,Future Contract 2,EER_EPLLPA_PE2_Y44MB_DPG,"Mont Belvieu, Tx Propane Future Contract 2 (Dollars per Gallon)",1.406,$/GAL
2008-04,Y44MB,NA,EPLLPA,Propane,PE2,Future Contract 2,EER_EPLLPA_PE2_Y44MB_DPG,"Mont Belvieu, Tx Propane Future Contract 2 (Dollars per Gallon)",1.572,$/GAL
2008-05,Y44MB,NA,EPLLPA,Propane,PE2,Future Contract 2,EER_EPLLPA_PE2_Y44MB_DPG,"Mont Belvieu, Tx Propane Future Contract 2 (Dollars per Gallon)",1.714,$/GAL
2009-01,Y44MB,NA,EPLLPA,Propane,PE2,Future Contract 2,EER_EPLLPA_PE2_Y44MB_DPG,"Mont Belvieu, Tx Propane Future Contract 2 (Dollars per Gallon)",.723,$/GAL
2009-06,Y44MB,NA,EPLLPA,Propane,PE2,Future Contract 2,EER_EPLLPA_PE2_Y44MB_DPG,"Mont Belvieu, Tx Propane Future Contract 2 (Dollars per Gallon)",.861,$/GAL
2001-04,Y44MB,NA,EPLLPA,Propane,PE3,Future Contract 3,EER_EPLLPA_PE3_Y44MB_DPG,"Mont Belvieu, Tx Propane Future Contract 3 (Dollars per Gallon)",.551,$/GAL
2001-08,Y44MB,NA,EPLLPA,Propane,PE3,Future Contract 3,EER_EPLLPA_PE3_Y44MB_DPG,"Mont Belvieu, Tx Propane Future Contract 3 (Dollars per Gallon)",.43,$/GAL
2001-11,Y44MB,NA,EPLLPA,Propane,PE3,Future Contract 3,EER_EPLLPA_PE3_Y44MB_DPG,"Mont Belvieu, Tx Propane Future Contract 3 (Dollars per Gallon)",.328,$/GAL
2002-01,Y44MB,NA,EPLLPA,Propane,PE3,Future Contract 3,EER_EPLLPA_PE3_Y44MB_DPG,"Mont Belvieu, Tx Propane Future Contract 3 (Dollars per Gallon)",.292,$/GAL
2002-11,Y44MB,NA,EPLLPA,Propane,PE3,Future Contract 3,EER_EPLLPA_PE3_Y44MB_DPG,"Mont Belvieu, Tx Propane Future Contract 3 (Dollars per Gallon)",.458,$/GAL
2003-08,Y44MB,NA,EPLLPA,Propane,PE3,Future Contract 3,EER_EPLLPA_PE3_Y44MB_DPG,"Mont Belvieu, Tx Propane Future Contract 3 (Dollars per Gallon)",.558,$/GAL
2003-12,Y44MB,NA,EPLLPA,Propane,PE3,Future Contract 3,EER_EPLLPA_PE3_Y44MB_DPG,"Mont Belvieu, Tx Propane Future Contract 3 (Dollars per Gallon)",.574,$/GAL
2004-02,Y44MB,NA,EPLLPA,Propane,PE3,Future Contract 3,EER_EPLLPA_PE3_Y44MB_DPG,"Mont Belvieu, Tx Propane Future Contract 3 (Dollars per Gallon)",.541,$/GAL
2004-08,Y44MB,NA,EPLLPA,Propane,PE3,Future Contract 3,EER_EPLLPA_PE3_Y44MB_DPG,"Mont Belvieu, Tx Propane Future Contract 3 (Dollars per Gallon)",.839,$/GAL
2004-10,Y44MB,NA,EPLLPA,Propane,PE3,Future Contract 3,EER_EPLLPA_PE3_Y44MB_DPG,"Mont Belvieu, Tx Propane Future Contract 3 (Dollars per Gallon)",.908,$/GAL
2004-11,Y44MB,NA,EPLLPA,Propane,PE3,Future Contract 3,EER_EPLLPA_PE3_Y44MB_DPG,"Mont Belvieu, Tx Propane Future Contract 3 (Dollars per Gallon)",.838,$/GAL
2005-04,Y44MB,NA,EPLLPA,Propane,PE3,Future Contract 3,EER_EPLLPA_PE3_Y44MB_DPG,"Mont Belvieu, Tx Propane Future Contract 3 (Dollars per Gallon)",.857,$/GAL
2005-06,Y44MB,NA,EPLLPA,Propane,PE3,Future Contract 3,EER_EPLLPA_PE3_Y44MB_DPG,"Mont Belvieu, Tx Propane Future Contract 3 (Dollars per Gallon)",.831,$/GAL
2005-09,Y44MB,NA,EPLLPA,Propane,PE3,Future Contract 3,EER_EPLLPA_PE3_Y44MB_DPG,"Mont Belvieu, Tx Propane Future Contract 3 (Dollars per Gallon)",1.138,$/GAL
2006-01,Y44MB,NA,EPLLPA,Propane,PE3,Future Contract 3,EER_EPLLPA_PE3_Y44MB_DPG,"Mont Belvieu, Tx Propane Future Contract 3 (Dollars per Gallon)",.98,$/GAL
2008-01,Y44MB,NA,EPLLPA,Propane,PE3,Future Contract 3,EER_EPLLPA_PE3_Y44MB_DPG,"Mont Belvieu, Tx Propane Future Contract 3 (Dollars per Gallon)",1.429,$/GAL
2008-10,Y44MB,NA,EPLLPA,Propane,PE3,Future Contract 3,EER_EPLLPA_PE3_Y44MB_DPG,"Mont Belvieu, Tx Propane Future Contract 3 (Dollars per Gallon)",1.068,$/GAL
2001-08,Y44MB,NA,EPLLPA,Propane,PE4,Future Contract 4,EER_EPLLPA_PE4_Y44MB_DPG,"Mont Belvieu, Tx Propane Future Contract 4 (Dollars per Gallon)",.435,$/GAL
2002-01,Y44MB,NA,EPLLPA,Propane,PE4,Future Contract 4,EER_EPLLPA_PE4_Y44MB_DPG,"Mont Belvieu, Tx Propane Future Contract 4 (Dollars per Gallon)",.295,$/GAL
2002-03,Y44MB,NA,EPLLPA,Propane,PE4,Future Contract 4,EER_EPLLPA_PE4_Y44MB_DPG,"Mont Belvieu, Tx Propane Future Contract 4 (Dollars per Gallon)",.385,$/GAL
2002-07,Y44MB,NA,EPLLPA,Propane,PE4,Future Contract 4,EER_EPLLPA_PE4_Y44MB_DPG,"Mont Belvieu, Tx Propane Future Contract 4 (Dollars per Gallon)",.39,$/GAL
2004-03,Y44MB,NA,EPLLPA,Propane,PE4,Future Contract 4,EER_EPLLPA_PE4_Y44MB_DPG,"Mont Belvieu, Tx Propane Future Contract 4 (Dollars per Gallon)",.58,$/GAL
2004-06,Y44MB,NA,EPLLPA,Propane,PE4,Future Contract 4,EER_EPLLPA_PE4_Y44MB_DPG,"Mont Belvieu, Tx Propane Future Contract 4 (Dollars per Gallon)",.677,$/GAL
2005-06,Y44MB,NA,EPLLPA,Propane,PE4,Future Contract 4,EER_EPLLPA_PE4_Y44MB_DPG,"Mont Belvieu, Tx Propane Future Contract 4 (Dollars per Gallon)",.839,$/GAL
2006-08,Y44MB,NA,EPLLPA,Propane,PE4,Future Contract 4,EER_EPLLPA_PE4_Y44MB_DPG,"Mont Belvieu, Tx Propane Future Contract 4 (Dollars per Gallon)",1.171,$/GAL
2007-05,Y44MB,NA,EPLLPA,Propane,PE4,Future Contract 4,EER_EPLLPA_PE4_Y44MB_DPG,"Mont Belvieu, Tx Propane Future Contract 4 (Dollars per Gallon)",1.154,$/GAL
2007-06,Y44MB,NA,EPLLPA,Propane,PE4,Future Contract 4,EER_EPLLPA_PE4_Y44MB_DPG,"Mont Belvieu, Tx Propane Future Contract 4 (Dollars per Gallon)",1.155,$/GAL
2007-07,Y44MB,NA,EPLLPA,Propane,PE4,Future Contract 4,EER_EPLLPA_PE4_Y44MB_DPG,"Mont Belvieu, Tx Propane Future Contract 4 (Dollars per Gallon)",1.209,$/GAL
2009-01,Y44MB,NA,EPLLPA,Propane,PE4,Future Contract 4,EER_EPLLPA_PE4_Y44MB_DPG,"Mont Belvieu, Tx Propane Future Contract 4 (Dollars per Gallon)",.708,$/GAL
2009-03,Y44MB,NA,EPLLPA,Propane,PE4,Future Contract 4,EER_EPLLPA_PE4_Y44MB_DPG,"Mont Belvieu, Tx Propane Future Contract 4 (Dollars per Gallon)",.672,$/GAL
